id,accuracy,category,effect,name,power,type
1,100,physical,長い　しっぽや　手などを　使って
相手を　はたいて　攻撃する。
,はたく,40,ノーマル
2,100,physical,鋭い　チョップで
相手を　たたいて　攻撃する。
急所に　当たりやすい。,からてチョップ,50,かくとう
3,85,physical,おうふく　ビンタで
相手を　たたいて　攻撃する。
２ー５回の　あいだ　連続で　だす。,おうふくビンタ,15,ノーマル
4,85,physical,どとうの　パンチで
相手を　なぐりつけて　攻撃する。
２ー５回の　あいだ　連続で　だす。,れんぞくパンチ,18,ノーマル
5,85,physical,力を　こめた　パンチで
相手を　攻撃する。
,メガトンパンチ,80,ノーマル
6,100,physical,相手の　体に
小判を　投げつけて　攻撃する。
戦闘の　あとで　お金が　もらえる。,ネコにこばん,40,ノーマル
7,100,physical,炎を　こめた　パンチで
相手を　攻撃する。
やけど状態に　することが　ある。,ほのおのパンチ,75,ほのお
8,100,physical,冷気を　こめた　パンチで
相手を　攻撃する。
こおり状態に　することが　ある。,れいとうパンチ,75,こおり
9,100,physical,電撃を　こめた　パンチで
相手を　攻撃する。
まひ状態に　することが　ある。,かみなりパンチ,75,でんき
10,100,physical,硬く　とがった　鋭い　ツメで
相手を　ひっかいて　攻撃する。
,ひっかく,40,ノーマル
11,100,physical,相手を　両側から　はさんで
ダメージを　あたえる。
,はさむ,55,ノーマル
12,30,physical,大きな　ハサミで
相手を　切り裂いて　攻撃する。
当たれば　一撃で　ひんしに　する。,ハサミギロチン,,ノーマル
13,100,special,風の　刃を　つくり
２ターン目に　相手を　攻撃する。
急所に　当たりやすい。,かまいたち,80,ノーマル
14,,status,戦いの舞を　激しく　おどって
気合を　高める。
自分の　攻撃を　ぐーんと　あげる。,つるぎのまい,,ノーマル
15,95,physical,カマや　ツメなどで
相手を　切りつけて　攻撃する。
細い木も　切ることが　できる。,いあいぎり,50,ノーマル
16,100,special,翼で　おこした　激しい　風を
相手に　ぶつけて　攻撃する。
,かぜおこし,40,ひこう
17,100,physical,大きく　ひろげた　りっぱな　翼を
相手に　ぶつけて　攻撃する。
,つばさでうつ,60,ひこう
18,,status,相手を　吹きとばして
控えの　ポケモンを　ひきずりだす。
野生の　場合は　戦闘が　終わる。,ふきとばし,,ノーマル
19,95,physical,１ターン目で　空へ　飛び
２ターン目に　相手を　攻撃する。
知っている　街に　飛ぶことも　できる。,そらをとぶ,90,ひこう
20,85,physical,長い　体や　つるなどを　使い
４ー５ターンの　あいだ
相手を　締めつけて　攻撃する。,しめつける,15,ノーマル
21,75,physical,長い　しっぽや　つるなどを　使い
相手を　たたきつけて　攻撃する。
,たたきつける,80,ノーマル
22,100,physical,ムチのように　しなる　細長い　つるで
相手を　たたきつけて　攻撃する。
,つるのムチ,45,くさ
23,100,physical,大きな　足で
相手を　踏みつけて　攻撃する。
相手を　ひるませることが　ある。,ふみつけ,65,ノーマル
24,100,physical,２本の　足で　相手を　けとばして
攻撃する。２回連続で
ダメージを　与える。,にどげり,30,かくとう
25,75,physical,ものすごい　力を　こめた　キックで
相手を　けとばして　攻撃する。
,メガトンキック,120,ノーマル
26,95,physical,高い　ジャンプからの　キックで
相手を　攻撃する。
はずすと　自分が　ダメージを　受ける。,とびげり,100,かくとう
27,85,physical,体を　素早く　回転させながら
けとばして　攻撃する。
相手を　ひるませる　ことが　ある。,まわしげり,60,かくとう
28,100,status,相手の　顔に　砂を　かけて
命中率を　さげる。
,すなかけ,,じめん
29,100,physical,頭を　突きだして
まっすぐ　つっこんで　攻撃する。
相手を　ひるませることが　ある。,ずつき,70,ノーマル
30,100,physical,鋭く　とがった　つので
相手を　攻撃する。
,つのでつく,65,ノーマル
31,85,physical,つのや　くちばしで
相手を　つついて　攻撃する。
２ー５回の　あいだ　連続で　だす。,みだれづき,15,ノーマル
32,30,physical,回転する　つのを
相手に　突き刺して　攻撃する。
当たれば　一撃で　ひんしに　する。,つのドリル,,ノーマル
33,100,physical,相手に　むかって　全身で
ぶつかっていき　攻撃する。
,たいあたり,40,ノーマル
34,100,physical,全身で
相手に　のしかかり　攻撃する。
まひ状態に　することが　ある。,のしかかり,85,ノーマル
35,90,physical,長い　体や　つるなどを　つかって
４ー５ターンの　あいだ
相手に　まきついて　攻撃する。,まきつく,15,ノーマル
36,85,physical,すごい　勢いで
相手に　ぶつかって　攻撃する。
自分も　少し　ダメージを　受ける。,とっしん,90,ノーマル
37,100,physical,２ー３ターンの　あいだ
暴れまくって　相手を　攻撃する。
暴れたあとは　混乱する。,あばれる,120,ノーマル
38,100,physical,命を　懸けて
相手に　突進して　攻撃する。
自分も　かなり　ダメージを　受ける。,すてみタックル,120,ノーマル
39,100,status,しっぽを　左右に　かわいく　ふって
油断を　誘う。
相手の　防御を　さげる。,しっぽをふる,,ノーマル
40,100,physical,毒の　ある　ハリを
相手に　突き刺して　攻撃する。
毒状態に　することが　ある。,どくばり,15,どく
41,100,physical,２本の　ハリを　相手に　突き刺し
２回連続で　ダメージ。
毒状態に　することが　ある。,ダブルニードル,25,むし
42,95,physical,鋭い　ハリを
相手に　発射して　攻撃する。
２ー５回の　あいだ　連続で　だす。,ミサイルばり,25,むし
43,100,status,鋭い　目つきで　おびえさせて
相手の　防御を　さげる。
,にらみつける,,ノーマル
44,100,physical,鋭く　とがった　歯で
かみついて　攻撃する。
相手を　ひるませることが　ある。,かみつく,60,あく
45,100,status,かわいい　なきごえを　聞かせて
気を　ひき　油断を　させて
相手の　攻撃を　さげる。,なきごえ,,ノーマル
46,,status,相手を　逃がして
控えの　ポケモンを　ひきずりだす。
野生の　場合は　戦闘が　終わる。,ほえる,,ノーマル
47,55,status,心地好い　きれいな
歌声を　聞かせて
相手を　眠り状態に　する。,うたう,,ノーマル
48,55,status,特殊な　音波を
体から　発して
相手を　混乱させる。,ちょうおんぱ,,ノーマル
49,90,special,衝撃波を
相手に　ぶつけて　攻撃する。
２０の　ダメージを　決まって　与える。,ソニックブーム,,ノーマル
50,100,status,相手の　動きを　とめて
直前に　だしていた　技を
４ターンの　あいだ　使えなくする。,かなしばり,,ノーマル
51,100,special,強い　酸を　相手に　かけて
攻撃する。相手の　特防を
さげることが　ある。,ようかいえき,40,どく
52,100,special,小さな　炎を
相手に　発射して　攻撃する。
やけど状態に　することが　ある。,ひのこ,40,ほのお
53,100,special,激しい　炎を
相手に　発射して　攻撃する。
やけど状態に　することが　ある。,かえんほうしゃ,90,ほのお
54,,status,白い霧で　体を　おおう。
５ターンの　あいだ　相手に
能力を　さげられなく　なる。,しろいきり,,こおり
55,100,special,水を　勢いよく
相手に　発射して　攻撃する。
,みずでっぽう,40,みず
56,80,special,大量の　水を
激しい　勢いで
相手に　発射して　攻撃する。,ハイドロポンプ,110,みず
57,100,special,大きな　波で　自分の
周りに　いるものを　攻撃する。,なみのり,90,みず
58,100,special,凍える　ビームを
相手に　発射して　攻撃する。
こおり状態に　することが　ある。,れいとうビーム,90,こおり
59,70,special,激しい　吹雪を
相手に　吹きつけて　攻撃する。
こおり状態に　することが　ある。,ふぶき,110,こおり
60,100,special,不思議な　光線を
相手に　発射して　攻撃する。
混乱させることが　ある。,サイケこうせん,65,エスパー
61,100,special,泡を　勢いよく
相手に　発射して　攻撃する。
素早さを　さげる　ことが　ある。,バブルこうせん,65,みず
62,100,special,にじいろの　ビームを
相手に　発射して　攻撃する。
攻撃を　さげる　ことが　ある。,オーロラビーム,65,こおり
63,90,special,強い　光線を
相手に　発射して　攻撃する。
次の　ターンは　動けなくなる。,はかいこうせん,150,ノーマル
64,100,physical,鋭く　とがった　くちばしや　つので
相手を　突いて　攻撃する。
,つつく,35,ひこう
65,100,physical,回転しながら　とがった　くちばしを
相手に　突き刺して　攻撃する。
,ドリルくちばし,80,ひこう
66,80,physical,地面に　自分ごと
相手を　投げつけて　攻撃する。
自分も　少し　ダメージを　受ける。,じごくぐるま,80,かくとう
67,100,physical,足を　強く　けり
相手を　転ばせて　攻撃する。
相手が　重いほど　威力が　あがる。,けたぐり,,かくとう
68,100,physical,相手から　受けた　物理攻撃の
ダメージを　２倍に　して
同じ　相手に　返す。,カウンター,,かくとう
69,100,physical,引力を　使い　投げとばす。
自分の　レベルと　同じ　ダメージを
相手に　与える。,ちきゅうなげ,,かくとう
70,100,physical,こん身の　力で
相手を　なぐりつけて　攻撃する。
重たい　岩を　押すことも　できる。,かいりき,80,ノーマル
71,100,special,養分を　吸い取り　攻撃する。
相手に　与えた　ダメージの
半分の　ＨＰを　回復できる。,すいとる,20,くさ
72,100,special,養分を　吸い取り　攻撃する。
相手に　与えた　ダメージの
半分の　ＨＰを　回復できる。,メガドレイン,40,くさ
73,90,status,植えつけた　相手の　ＨＰを
毎ターン　少しだけ　吸い取り
自分の　ＨＰを　回復する。,やどりぎのタネ,,くさ
74,,status,体を　一気に
大きく　生長させて
攻撃と　特攻を　あげる。,せいちょう,,ノーマル
75,95,physical,はっぱを　とばして
相手を　切りつけて　攻撃する。
急所に　当たりやすい。,はっぱカッター,55,くさ
76,100,special,１ターン目に　光を　いっぱいに　集め
２ターン目に　光の　束を
発射して　攻撃する。,ソーラービーム,120,くさ
77,75,status,毒の　ある　粉を
たくさん　ふりまいて
相手を　毒状態に　する。,どくのこな,,どく
78,75,status,しびれる　粉を
たくさん　ふりまいて
相手を　まひ状態に　する。,しびれごな,,くさ
79,75,status,眠くなる　粉を
たくさん　ふりまいて
相手を　眠り状態に　する。,ねむりごな,,くさ
80,100,special,２ー３ターンの　あいだ　花を
まきちらして　相手を　攻撃する。
まきちらした　あとは　混乱する。,はなびらのまい,120,くさ
81,95,status,口から　吹きだした
糸を　まきつけて　相手の
素早さを　がくっと　さげる。,いとをはく,,むし
82,100,special,怒りの　衝撃波を
相手に　ぶつけて　攻撃する。
４０の　ダメージを　決まって　与える。,りゅうのいかり,,ドラゴン
83,85,special,激しく　渦をまく　炎の中に
４ー５ターンの　あいだ
相手を　閉じこめて　攻撃する。,ほのおのうず,35,ほのお
84,100,special,電気の　刺激を
相手に　浴びせて　攻撃する。
まひ状態に　することが　ある。,でんきショック,40,でんき
85,100,special,強い　電撃を
相手に　浴びせて　攻撃する。
まひ状態に　することが　ある。,１０まんボルト,90,でんき
86,90,status,弱い　電撃を　浴びせることで
相手を　まひ状態に　する。
,でんじは,,でんき
87,70,special,激しい　雷を
相手に　落として　攻撃する。
まひ状態に　することが　ある。,かみなり,110,でんき
88,90,physical,小さな　岩を　持ちあげて
相手に　投げつけて　攻撃する。
,いわおとし,50,いわ
89,100,physical,地震の　衝撃で　自分の
周りに　いるものを　攻撃する。
,じしん,100,じめん
90,30,physical,地割れの　裂け目に
相手を　落として　攻撃する。
当たれば　一撃で　ひんしに　する。,じわれ,,じめん
91,100,physical,１ターン目に　潜り　２ターン目で
相手を　攻撃する。
洞窟からの　脱出も　できる。,あなをほる,80,じめん
92,90,status,相手を　猛毒の　状態に　する。
ターンが　すすむほど
毒の　ダメージが　増えていく。,どくどく,,どく
93,100,special,弱い　念力を
相手に　送って　攻撃する。
相手を　混乱させることが　ある。,ねんりき,50,エスパー
94,100,special,強い　念力を　相手に　送って
攻撃する。相手の　特防を
さげることが　ある。,サイコキネシス,90,エスパー
95,60,status,眠気を　誘う　暗示を　かけて
相手を　眠り状態に　する。
,さいみんじゅつ,,エスパー
96,,status,眠っている　力を
体の　奥から　ひきだして
自分の　攻撃を　あげる。,ヨガのポーズ,,エスパー
97,,status,力を　ぬいて　体を　軽くして
高速で　動く。
自分の　素早さを　ぐーんと　あげる。,こうそくいどう,,エスパー
98,100,physical,目にも　留まらぬ　ものすごい　速さで
相手に　つっこむ。
必ず　先制攻撃　できる。,でんこうせっか,40,ノーマル
99,100,physical,技を　だしたときに　攻撃を
受けると　怒りの　力で
攻撃が　あがる。,いかり,20,ノーマル
100,,status,野生ポケモンとの　戦闘を　やめる。
最後に　はいった
ポケセンの　ある　街にも　行ける。,テレポート,,エスパー
101,100,special,恐ろしい　幻を　みせて
自分の　レベルと　同じだけの
ダメージを　相手に　与える。,ナイトヘッド,,ゴースト
102,,status,相手が　最後に　使った　技を
戦闘の　あいだ
自分の　技に　することが　できる。,ものまね,,ノーマル
103,85,status,おもわず　耳を　ふさぎたくなる
いやなおとを　だして
相手の　防御を　がくっと　さげる。,いやなおと,,ノーマル
104,,status,素早い　動きで　分身を　つくり
相手を　まどわせて
回避率を　あげる。,かげぶんしん,,ノーマル
105,,status,細胞を　再生させて
自分の　最大ＨＰの
半分の　ＨＰを　回復する。,じこさいせい,,ノーマル
106,,status,全身に　力を　こめて
体を　硬くして
自分の　防御を　あげる。,かたくなる,,ノーマル
107,,status,体を　ちぢめて　小さく　みせて
自分の　回避率を
ぐーんと　あげる。,ちいさくなる,,ノーマル
108,100,status,煙や　墨などを　吹きかけて
相手の　命中率を　さげる。
,えんまく,,ノーマル
109,100,status,怪しい　光を
相手に　みせて　まどわせる。
相手を　混乱させる。,あやしいひかり,,ゴースト
110,,status,殻に　潜りこんで　身を守り
自分の　防御を　あげる。
,からにこもる,,みず
111,,status,体を　まるめて　ちぢこまり
自分の　防御を　あげる。
,まるくなる,,ノーマル
112,,status,頑丈な　壁を　つくって
自分の　防御を　ぐーんと　あげる。
,バリアー,,エスパー
113,,status,５ターンの　あいだ　不思議な　かべで
相手から　受ける　特殊攻撃の
ダメージを　弱める。,ひかりのかべ,,エスパー
114,,status,黒い霧を　だして　戦闘に
でている　ポケモン　全員の
能力変化を　もとに　もどす。,くろいきり,,こおり
115,,status,５ターンの　あいだ　不思議な　かべで
相手から　受ける　物理攻撃の
ダメージを　弱める。,リフレクター,,エスパー
116,,status,深く　息を　吸い　気合を　こめる。
自分の　攻撃が
急所に　当たりやすくなる。,きあいだめ,,ノーマル
117,,physical,２ターンの　あいだ　攻撃に　たえて
受けた　ダメージを　２倍にして
相手に　返す。,がまん,,ノーマル
118,,status,指をふり　自分の　脳を　刺激して
すべての　技の　なかから
どれか　１つを　くりだす。,ゆびをふる,,ノーマル
119,,status,相手の　使った　技を　まねして
自分も　同じ技を　使う。
,オウムがえし,,ひこう
120,100,physical,爆発を　おこして　自分の
周りに　いるものを　攻撃する。
使ったあとに　ひんしに　なる。,じばく,200,ノーマル
121,75,physical,大きな　タマゴを　力いっぱい
相手に　投げつけて　攻撃する。
,タマゴばくだん,100,ノーマル
122,100,physical,長い　舌で
相手を　なめまわして　攻撃する。
まひ状態に　することが　ある。,したでなめる,30,ゴースト
123,70,special,汚れた　ガスを
相手に　吹きつけて　攻撃する。
毒状態に　することが　ある。,スモッグ,30,どく
124,100,special,汚い　ヘドロを
相手に　投げつけて　攻撃する。
毒状態に　することが　ある。,ヘドロこうげき,65,どく
125,85,physical,手に　持った　ホネで
相手を　なぐりつけて　攻撃する。
相手を　ひるませることが　ある。,ホネこんぼう,65,じめん
126,85,special,大の字の　炎で
相手を　焼きつくす。
やけど状態に　することが　ある。,だいもんじ,110,ほのお
127,100,physical,すごい　勢いで　相手に　つっこむ。
相手を　ひるませることが　ある。
滝も　泳いで　のぼれる。,たきのぼり,80,みず
128,85,physical,とても　頑丈な　ぶあつい　殻に
４ー５ターンの　あいだ
相手を　はさんで　攻撃する。,からではさむ,35,みず
129,,special,星型の　光を　発射して
相手を　攻撃する。
攻撃は　必ず　命中する。,スピードスター,60,ノーマル
130,100,physical,１ターン目に　頭を　ひっこめて
防御を　あげる。
２ターン目に　相手を　攻撃する。,ロケットずつき,130,ノーマル
131,100,physical,鋭い　ハリを
相手に　発射して　攻撃する。
２ー５回の　あいだ　連続で　だす。,とげキャノン,20,ノーマル
132,100,physical,触手や　ツタなどを　からみつけて
攻撃する。相手の　素早さを
さげることが　ある。,からみつく,10,ノーマル
133,,status,頭を　からにして
一瞬　なにかを　忘れることで
自分の　特防を　ぐーんと　あげる。,ドわすれ,,エスパー
134,80,status,スプーンを　まげて　注意を　ひき
相手の　命中率を　さげる。
,スプーンまげ,,エスパー
135,,status,最大ＨＰの　半分
自分の　ＨＰを　回復する。
仲間に　ＨＰを　わけることも　できる。,タマゴうみ,,ノーマル
136,90,physical,ジャンプからの　ひざげりで
相手を　攻撃する。
はずすと　自分が　ダメージを　受ける。,とびひざげり,130,かくとう
137,100,status,おなかの　模様で　おびえさせて
相手を　まひの　状態に　する。
,へびにらみ,,ノーマル
138,100,special,寝ている　相手の　夢を　食べて
攻撃する。ダメージの　半分の
ＨＰを　回復する。,ゆめくい,100,エスパー
139,90,status,毒ガスを　相手の　顔に　吹きかけて
毒の　状態に　する。
,どくガス,,どく
140,85,physical,まるい　ものを
相手に　投げつけて　攻撃する。
２ー５回の　あいだ　連続で　だす。,たまなげ,15,ノーマル
141,100,physical,血を　吸い取って　相手を
攻撃する。与えた　ダメージの
半分の　ＨＰを　回復できる。,きゅうけつ,80,むし
142,75,status,恐ろしい　顔で　キスを　せまる。
相手を　眠り状態に　する。
,あくまのキッス,,ノーマル
143,90,physical,２ターン目に　相手を　攻撃する。
たまに　ひるませる。
急所にも　当たりやすい。,ゴッドバード,140,ひこう
144,,status,相手の　ポケモンに　変身することで
相手と　まったく
同じ　技が　使える。,へんしん,,ノーマル
145,100,special,無数の　泡を　相手に　吹きかけて
攻撃する。相手の　素早さを
さげることが　ある。,あわ,40,みず
146,100,physical,リズミカルに　パンチを　くりだして
相手を　攻撃する。
混乱させることが　ある。,ピヨピヨパンチ,70,ノーマル
147,100,status,催眠効果の　ある
胞子を　パラパラと　ふりまき
相手を　眠り状態に　する。,キノコのほうし,,くさ
148,100,status,まぶしい　光で　相手の
命中率を　さげる。
,フラッシュ,,ノーマル
149,100,special,不思議な　念波を
相手に　発射して　攻撃する。
使うたびに　ダメージが　変わる。,サイコウェーブ,,エスパー
150,,status,攻撃もせずに　ピョン　ピョンと
跳ねるだけで　なにも　おこらない……。
,はねる,,ノーマル
151,,status,細胞の　変化で　液状に　なり
自分の　防御を　ぐーんと　あげる。
,とける,,どく
152,90,physical,大きな　ハサミを
相手に　たたきつけて　攻撃する。
急所に　当たりやすい。,クラブハンマー,100,みず
153,100,physical,大きな　爆発で　自分の
周りに　いるものを　攻撃する。
使ったあとに　ひんしに　なる。,だいばくはつ,250,ノーマル
154,80,physical,ツメや　カマなどで
相手を　ひっかいて　攻撃する。
２ー５回の　あいだ　連続で　だす。,みだれひっかき,18,ノーマル
155,90,physical,手に　持った　ホネを　相手に　投げつけ
行きと　帰りの　２回連続で
ダメージを　与える。,ホネブーメラン,50,じめん
156,,status,２ターンの　あいだ　眠り続ける。
自分の　ＨＰと　状態異常を
すべて　回復する。,ねむる,,エスパー
157,90,physical,大きな　岩を
激しく　ぶつけて　攻撃する。
相手を　ひるませることが　ある。,いわなだれ,75,いわ
158,90,physical,鋭い　前歯で
強く　かみついて　攻撃する。
相手を　ひるませることが　ある。,ひっさつまえば,80,ノーマル
159,,status,体の　かどを　増やして
カクカクに　なることで
自分の　攻撃を　あげる。,かくばる,,ノーマル
160,,status,自分の　タイプを
おぼえている　技で　一番　上の
技と　同じ　タイプに　する。,テクスチャー,,ノーマル
161,100,special,３つの　光線で　攻撃する。
まひか　やけどか　こおり状態の
どれかに　することが　ある。,トライアタック,80,ノーマル
162,90,physical,鋭い　前歯で
激しく　かみついて　攻撃する。
相手の　ＨＰは　半分に　なる。,いかりのまえば,,ノーマル
163,100,physical,ツメや　カマなどで
相手を　切り裂いて　攻撃する。
急所に　当たりやすい。,きりさく,70,ノーマル
164,,status,自分の　ＨＰを　少し　削って
分身を　だす。
分身は　自分の　身代わりに　なる。,みがわり,,ノーマル
165,,physical,自分の　ＰＰが　なくなると
あがいて　相手を　攻撃する。
自分も　少し　ダメージを　受ける。,わるあがき,50,ノーマル
166,,status,相手が　使った　技を
自分の　ものに　する。
１回　使うと　スケッチは　消える。,スケッチ,,ノーマル
167,90,physical,３回連続で　キックを　くりだして
攻撃する。技が　当たるたびに
威力は　あがる。,トリプルキック,10,かくとう
168,100,physical,攻撃と　同時に　道具を　盗む。
自分が　道具を　持っている　場合は
盗めない。,どろぼう,60,あく
169,,status,ネバネバした　細い　糸を
グルグルと　からませて　相手を
戦闘から　逃げられなくする。,クモのす,,むし
170,,status,相手の　動きを　心で　感じて
次の　攻撃が　必ず
相手に　当たるように　する。,こころのめ,,ノーマル
171,100,status,眠り状態の　相手に
悪夢を　みせて　毎ターン　少しずつ
ＨＰを　減らしていく。,あくむ,,ゴースト
172,100,physical,炎を　まとい
相手に　突進して　攻撃する。
やけど状態に　することが　ある。,かえんぐるま,60,ほのお
173,100,special,自分が　寝ているときに
雑音を　だして　攻撃する。
相手を　ひるませることが　ある。,いびき,50,ノーマル
174,,status,使う　ポケモンが
ゴーストタイプと　それ以外　とでは
効果が　変わる。,のろい,,ゴースト
175,100,physical,じたばた　暴れて　攻撃する。
自分の　ＨＰが　少ないほど
技の　威力は　あがる。,じたばた,,ノーマル
176,,status,相手が　最後に　使った技に
抵抗できる　ように
自分の　タイプを　変化させる。,テクスチャー２,,ノーマル
177,95,special,空気の　渦を
発射して　攻撃する。
急所に　当たりやすい。,エアロブラスト,100,ひこう
178,100,status,綿のような　フワフワの　胞子を
まとわり　つかせて
相手の　素早さを　がくっと　さげる。,わたほうし,,くさ
179,100,physical,力を　ふりしぼり　攻撃する。
自分の　ＨＰが　少ないほど
技の　威力は　あがる。,きしかいせい,,かくとう
180,100,status,相手が　最後に　使った技に
恨みを　抱いて
その技の　ＰＰを　４だけ　減らす。,うらみ,,ゴースト
181,100,special,冷たい　粉雪を
相手に　吹きつけて　攻撃する。
こおり状態に　することが　ある。,こなゆき,40,こおり
182,,status,相手の　攻撃を
まったく　受けない。
連続で　だすと　失敗しやすい。,まもる,,ノーマル
183,100,physical,目にも　留まらぬ　ものすごい　速さで
パンチを　くりだす。
必ず　先制攻撃　できる。,マッハパンチ,40,かくとう
184,100,status,恐ろしい　顔で　にらみ　おびえさせて
相手の　素早さを　がくっと　さげる。
,こわいかお,,ノーマル
185,,physical,さりげなく　相手に　ちかづき
油断した　すきを　みて　なぐりつける。
攻撃は　必ず　命中する。,だましうち,60,あく
186,75,status,天使のように　かわいく　キスして
相手を　混乱させる。
,てんしのキッス,,フェアリー
187,,status,自分の　ＨＰを　最大ＨＰの
半分　減らして　自分の　攻撃を
最大に　あげる。,はらだいこ,,ノーマル
188,100,special,汚い　ヘドロを
相手に　投げつけて　攻撃する。
毒状態に　することが　ある。,ヘドロばくだん,90,どく
189,100,special,相手の　顔などに
泥を　投げつけて　攻撃する。
命中率を　さげる。,どろかけ,20,じめん
190,85,special,相手の　顔などに
墨を　吹きかけて　攻撃する。
命中率を　さげることが　ある。,オクタンほう,65,みず
191,,status,相手の　足下に　まきびしを
しかける。交代で　でてきた　相手の
ポケモンに　ダメージを　与える。,まきびし,,じめん
192,50,special,大砲の　ような
電気を　発射して　攻撃する。
相手を　まひの　状態に　する。,でんじほう,120,でんき
193,,status,ゴーストタイプに　効果がない　技や
回避率の　高い　相手に
攻撃が　当たるように　なる。,みやぶる,,ノーマル
194,,status,技を　だしたあと　攻撃を　受けて
ひんしに　なったとき
攻撃　相手も　ひんしに　する。,みちづれ,,ゴースト
195,,status,歌を　聴いた　ポケモンは
３ターン　たつと　ひんしに　なる。
交代すると　効果は　なくなる。,ほろびのうた,,ノーマル
196,95,special,凍てつく　冷気を
相手に　吹きつけて　攻撃する。
相手の　素早さを　さげる。,こごえるかぜ,55,こおり
197,,status,相手の　攻撃を
まったく　受けない。
連続で　だすと　失敗しやすい。,みきり,,かくとう
198,90,physical,硬い　ホネで
相手を　なぐりつけて　攻撃する。
２ー５回の　あいだ　連続で　だす。,ボーンラッシュ,25,じめん
199,,status,照準を　しっかり　あわせて
次の　攻撃が　必ず
相手に　当たるように　する。,ロックオン,,ノーマル
200,100,physical,２ー３ターンの　あいだ
暴れまくって　攻撃する。
暴れたあとは　混乱する。,げきりん,120,ドラゴン
201,,status,５ターンの　あいだ　砂あらしで
いわ　じめん　はがねタイプ　以外の
ポケモンに　ダメージを　与える。,すなあらし,,いわ
202,100,special,養分を　吸い取り　攻撃する。
与えた　ダメージの
半分の　ＨＰを　回復できる。,ギガドレイン,75,くさ
203,,status,攻撃を　受けても
ＨＰを　必ず　１だけ　残せる。
連続で　だすと　失敗しやすい。,こらえる,,ノーマル
204,100,status,かわいく　みつめて　油断を　誘い
相手の　攻撃を　がくっと　さげる。
,あまえる,,フェアリー
205,90,physical,５ターンの　あいだ　転がり続けて
攻撃する。技が　当たるたびに
威力が　あがる。,ころがる,30,いわ
206,100,physical,相手の　ＨＰが
必ず　１だけ　残るように
手加減して　攻撃する。,みねうち,40,ノーマル
207,85,status,相手を　怒らせて　混乱させる。
怒りで　相手の　攻撃は
ぐーんと　あがってしまう。,いばる,,ノーマル
208,,status,最大ＨＰの　半分
自分の　ＨＰを　回復する。
仲間に　ＨＰを　わけることも　できる。,ミルクのみ,,ノーマル
209,100,physical,電気を　まとい
相手に　突進して　攻撃する。
まひ状態に　することが　ある。,スパーク,65,でんき
210,95,physical,カマや　ツメなどで　相手を
切りつけて　攻撃する。
連続で　当てると　威力が　あがる。,れんぞくぎり,40,むし
211,90,physical,硬い　翼を　相手に　たたきつけて
攻撃する。自分の　防御が
あがることが　ある。,はがねのつばさ,70,はがね
212,,status,吸いこまれるような　黒い　まなざしで
じっと　みつめて　相手を
戦闘から　逃げられなくする。,くろいまなざし,,ノーマル
213,100,status,♂なら♀を　♀なら♂を　誘惑して
メロメロに　する。
相手は　技が　だしにくくなる。,メロメロ,,ノーマル
214,,status,自分が　おぼえている　技の　うち
どれか　１つを　くりだす。
自分が　寝ているときだけ　使える。,ねごと,,ノーマル
215,,status,心地好い　鈴の　音色を　聞かせて
味方　全員の
状態異常を　回復　する。,いやしのすず,,ノーマル
216,100,physical,トレーナーの　ために　全力で
相手を　攻撃する。
なついているほど　威力は　あがる。,おんがえし,,ノーマル
217,90,physical,わなを　しかけた　箱を
相手に　わたして　攻撃する。ＨＰが
回復して　しまうことも　ある。,プレゼント,,ノーマル
218,100,physical,不満を　はらすため　全力で
相手を　攻撃する。
なついていないほど　威力は　あがる。,やつあたり,,ノーマル
219,,status,５ターンの　あいだ
不思議な　力に　守られて
状態異常に　ならなくなる。,しんぴのまもり,,ノーマル
220,,status,自分の　ＨＰと　相手の　ＨＰを
あわせて　それを　自分と　相手で
なかよく　わける。,いたみわけ,,ノーマル
221,95,physical,神秘の　炎で
相手を　焼きつくして　攻撃する。
やけど状態に　することが　ある。,せいなるほのお,100,ほのお
222,100,physical,地面を　揺らして　自分の
周りに　いるものを　攻撃する。
技の　威力は　いろいろ　変わる。,マグニチュード,,じめん
223,50,physical,こん身の　力で
パンチを　くりだして　攻撃する。
相手を　必ず　混乱させる。,ばくれつパンチ,100,かくとう
224,85,physical,硬くて　りっぱな　つので　おもいっきり
相手を　突き刺して　攻撃する。
,メガホーン,120,むし
225,100,special,ものすごい　息を
相手に　吹きつけて　攻撃する。
まひ状態に　することが　ある。,りゅうのいぶき,60,ドラゴン
226,,status,控えの　ポケモンと　入れ替わる。
能力変化は　替わった
ポケモンが　そのまま　受けつぐ。,バトンタッチ,,ノーマル
227,100,status,相手が　最後に　使った技を
３ターンの　あいだ
ずっと　ださせる。,アンコール,,ノーマル
228,100,physical,相手　ポケモンが　入れ替わるときに
技を　だしていると
倍の　威力で　攻撃できる。,おいうち,40,あく
229,100,physical,回転して　相手を　攻撃する。
しめつける　まきつく　やどりぎのタネ
まきびし　なども　吹きとばせる。,こうそくスピン,50,ノーマル
230,100,status,香りで　相手の　回避率を
がくっと　さげる。草むら　などで
使うと　ポケモンが　よってくる。,あまいかおり,,ノーマル
231,75,physical,硬い　しっぽで
相手を　たたきつけて　攻撃する。
相手の　防御を　さげることが　ある。,アイアンテール,100,はがね
232,95,physical,鋼鉄の　ツメで
相手を　切り裂いて　攻撃する。
自分の　攻撃が　あがることが　ある。,メタルクロー,50,はがね
233,,physical,相手より　あとに　攻撃する。
そのかわり　自分の　攻撃は
必ず　命中する。,あてみなげ,70,かくとう
234,,status,自分の　ＨＰを　回復する。
天気に　よって
回復の　量が　変化する。,あさのひざし,,ノーマル
235,,status,自分の　ＨＰを　回復する。
天気に　よって
回復の　量が　変化する。,こうごうせい,,くさ
236,,status,自分の　ＨＰを　回復する。
天気に　よって
回復の　量が　変化する。,つきのひかり,,フェアリー
237,100,special,技を　使った　ポケモンに　よって
技の　タイプが　変わる。,めざめるパワー,60,ノーマル
238,80,physical,両手チョップを
相手に　たたきつけて　攻撃する。
急所に　当たりやすい。,クロスチョップ,100,かくとう
239,100,special,竜巻を　おこして
相手を　まきこみ　攻撃する。
相手を　ひるませることが　ある。,たつまき,40,ドラゴン
240,,status,５ターンの　あいだ　雨を　降らせて
みずタイプの
技の　威力を　あげる。,あまごい,,みず
241,,status,５ターンの　あいだ　日差しを
強くして　ほのおタイプの
技の　威力を　あげる。,にほんばれ,,ほのお
242,100,physical,鋭い　歯で
相手を　かみくだいて　攻撃する。
相手の　防御を　さげることが　ある。,かみくだく,80,あく
243,100,special,相手から　受けた　特殊攻撃の
ダメージを　２倍に　して
その相手に　返す。,ミラーコート,,エスパー
244,,status,自分に　暗示を　かけることで
能力変化の　状態を
相手と　同じにする。,じこあんじ,,ノーマル
245,100,physical,目にも　留まらぬ　ものすごい　速さで
相手に　突進して　攻撃する。
必ず　先制攻撃　できる。,しんそく,80,ノーマル
246,100,special,原始の　力で　攻撃する。
自分の　すべての
能力が　あがることが　ある。,げんしのちから,60,いわ
247,100,special,黒い影の　塊を　投げつけて
攻撃する。相手の　特防を
さげることが　ある。,シャドーボール,80,ゴースト
248,100,special,技を　使った　２ターン後に
相手に　念力の
塊を　送って　攻撃する。,みらいよち,120,エスパー
249,100,physical,パンチで　攻撃する。相手の
防御を　さげる　ことが　ある。
岩を　砕くことも　ある。,いわくだき,40,かくとう
250,85,special,激しく　渦をまく　水の中に
４ー５ターンの　あいだ
相手を　閉じこめて　攻撃する。,うずしお,35,みず
251,100,physical,味方　全員で　攻撃する。
仲間の　ポケモンが　多いほど
技の　攻撃回数が　増える。,ふくろだたき,,あく
252,100,physical,先制攻撃で　相手を　ひるませる。
戦闘に　でたら
すぐに　ださないと　成功しない。,ねこだまし,40,ノーマル
253,100,special,３ターンの　あいだ
騒いで　相手を　攻撃する。
そのあいだは　だれも　眠れなくなる。,さわぐ,90,ノーマル
254,,status,力を　蓄えて　自分の
防御と　特防を　あげる。
最大　３回まで　蓄えられる。,たくわえる,,ノーマル
255,100,special,蓄えた　力を
相手に　ぶつけて　攻撃する。
蓄えているほど　威力が　あがる。,はきだす,,ノーマル
256,,status,蓄えた　力を　のみこんで
自分の　ＨＰを　回復する。
蓄えているほど　回復する。,のみこむ,,ノーマル
257,90,special,熱い　息を
相手に　吹きつけて　攻撃する。
やけど状態に　することが　ある。,ねっぷう,95,ほのお
258,,status,５ターンの　あいだ　あられを　降らして
こおりタイプで　ない　ポケモン
全員に　ダメージを　与える。,あられ,,こおり
259,100,status,相手に　いちゃもんを　つけて
同じ　技を　２回連続で
だせなくする。,いちゃもん,,あく
260,100,status,相手を　おだてて　混乱させる。
同時に　相手の　特攻も
あげてしまう。,おだてる,,あく
261,85,status,不気味で　怪しい　炎を　放って
相手を　やけどの　状態に　する。
,おにび,,ほのお
262,100,status,自分は　ひんしに　なるが　そのかわりに
相手の　攻撃と　特攻を
がくっと　さげる。,おきみやげ,,あく
263,100,physical,自分が　毒　まひ　やけど
状態のとき　相手に　くりだすと
技の　威力が　２倍に　なる。,からげんき,70,ノーマル
264,100,physical,精神を　高めて　パンチを　くりだす。
技を　だすまでに
攻撃を　受けると　失敗する。,きあいパンチ,150,かくとう
265,100,physical,まひ状態の　相手には
威力が　２倍に　なるが
かわりに　相手の　まひが　治る。,きつけ,70,ノーマル
266,,status,自分に　注目させて
相手からの　攻撃を
すべて　自分に　むけさせる。,このゆびとまれ,,ノーマル
267,,status,自然の　力で　攻撃する。
使う　場所で
でてくる　技が　変化する。,しぜんのちから,,ノーマル
268,,status,次の　ターンに　だす　でんきタイプの
技の　威力を　あげる。
自分の　特防も　あがる。,じゅうでん,,でんき
269,100,status,相手を　怒らせる。３ターンの
あいだ　相手は　ダメージを
与える　技しか　だせなくなる。,ちょうはつ,,あく
270,,status,仲間を　助ける。
てだすけ　された　ポケモンの　技の
威力は　いつもより　大きくなる。,てだすけ,,ノーマル
271,100,status,相手の　すきを　ついて
自分と　相手の
持ち物を　交換する。,トリック,,エスパー
272,,status,相手に　なりきって　自分も　相手と
同じ　特性に　変化する。
,なりきり,,エスパー
273,,status,次の　ターンに
自分の　ＨＰを　最大ＨＰの
半分　回復する。,ねがいごと,,ノーマル
274,,status,大急ぎで　味方の　助けを　かりて
控えの　ポケモンが　おぼえている
技を　どれか　１つ　使う。,ねこのて,,ノーマル
275,,status,大地に　根を　張り
毎ターン　自分の　ＨＰを　回復する。
根を　張っているので　入れ替えられない。,ねをはる,,くさ
276,100,physical,すごい　力を　発揮して
相手を　攻撃する。自分の
攻撃と　防御が　さがる。,ばかぢから,120,かくとう
277,,status,状態異常に　なる　技や
やどりぎのタネ　などを
だされたとき　相手に　跳ね返す。,マジックコート,,エスパー
278,,status,戦闘中に　使って　なくなった
自分の　持ち物を　再生させて
使えるように　する。,リサイクル,,ノーマル
279,100,physical,相手から　技を　受けていると
その相手に　対して
与える　ダメージが　２倍に　なる。,リベンジ,60,かくとう
280,100,physical,手刀を　勢いよく　振りおろして
相手を　攻撃する。ひかりのかべや
リフレクターも　破壊できる。,かわらわり,75,かくとう
281,,status,大きな　あくびで　眠気を　誘う。
次の　ターンに
相手を　眠り状態に　する。,あくび,,ノーマル
282,100,physical,相手の　持ち物を　はたき　落として
戦闘が　終わるまで　使えなくする。
物を持つ　相手には　ダメージが増す。,はたきおとす,65,あく
283,100,physical,相手の　ＨＰが　自分の　ＨＰと
同じくらいに　なるように
ダメージを　与える。,がむしゃら,,ノーマル
284,100,special,怒りを　爆発させて　相手を
攻撃する。自分の　ＨＰが
少ないほど　技の　威力は　さがる。,ふんか,150,ほのお
285,,status,超能力で　自分の　特性と
相手の　特性を　入れ替える。
,スキルスワップ,,エスパー
286,,status,相手が　自分と　同じ　技を
おぼえていたら　相手だけ
その技を　使えなくする。,ふういん,,エスパー
287,,status,体を　やすめて　自分が　おっている
毒　まひ　やけどの
状態異常を　治す。,リフレッシュ,,ノーマル
288,,status,相手の　技で　ひんしに　されたとき
おんねんを　かけて
その技の　ＰＰを　０に　する。,おんねん,,ゴースト
289,,status,相手が　使おうと　した
回復技や　能力変化の
技を　うばって　自分に　使う。,よこどり,,あく
290,100,physical,秘密の　力で
相手を　攻撃する。使う　場所で
追加効果が　変化する。,ひみつのちから,70,ノーマル
291,100,physical,１ターン目で　潜り　２ターン目に
浮きあがって　攻撃する。,ダイビング,80,みず
292,100,physical,ひらいた　両手で
相手を　つっぱって　攻撃する。
２ー５回の　あいだ　連続で　だす。,つっぱり,15,かくとう
293,,status,水辺や　草むら　どうくつなど
いる　場所に　あわせて
自分の　タイプを　変える。,ほごしょく,,ノーマル
294,,status,点滅する　光を　眺めて
自分の　精神を　統一し
特攻を　ぐぐーんと　あげる。,ほたるび,,むし
295,100,special,まばゆい　光を
解放して　攻撃する。
相手の　特防を　さげることが　ある。,ラスターパージ,95,エスパー
296,100,special,霧状の　羽毛で　包みこみ
攻撃する。
相手の　特攻を　さげることが　ある。,ミストボール,95,エスパー
297,100,status,羽毛を　ふりまいて
相手の　体に　からませる。
相手の　攻撃を　がくっと　さげる。,フェザーダンス,,ひこう
298,100,status,フラフラと　ダンスを　おどって
自分の　周りに　いるものを
混乱状態に　させる。,フラフラダンス,,ノーマル
299,90,physical,攻撃した　相手を
やけど状態に　することが　ある。
急所にも　当たりやすい。,ブレイズキック,85,ほのお
300,,status,あたりを　泥まみれにする。
５ターンの　あいだ
でんきタイプの　技を　弱める。,どろあそび,,じめん
301,90,physical,５ターンの　間　相手を　攻撃する。
技が　当たるたび　威力が　あがる。,アイスボール,30,こおり
302,100,physical,トゲの　腕を
激しく　ふるって　攻撃する。
相手を　ひるませることが　ある。,ニードルアーム,60,くさ
303,,status,怠けて　やすむ。
自分の　ＨＰを　最大ＨＰの
半分　回復する。,なまける,,ノーマル
304,100,special,うるさく　響く　大きな　振動を
相手に　与えて　攻撃する。
,ハイパーボイス,90,ノーマル
305,100,physical,毒の　ある　キバで
相手に　かみついて　攻撃する。
猛毒を　おわせる　ことが　ある。,どくどくのキバ,50,どく
306,95,physical,硬く　鋭い　ツメで
切り裂いて　攻撃する。
相手の　防御を　さげることが　ある。,ブレイククロー,75,ノーマル
307,90,special,爆発の　炎で
相手を　焼きつくして　攻撃する。
次の　ターンは　動けなくなる。,ブラストバーン,150,ほのお
308,90,special,水の　大砲を
相手に　発射して　攻撃する。
次の　ターンは　動けなくなる。,ハイドロカノン,150,みず
309,90,physical,すい星の　ごとく　パンチを　くりだして
相手を　攻撃する。自分の
攻撃が　あがることが　ある。,コメットパンチ,90,はがね
310,100,physical,大きな　声などで
不意に　驚かして　攻撃する。
相手を　ひるませることが　ある。,おどろかす,30,ゴースト
311,100,special,使ったときの　天気に　よって
技の　タイプと　威力が　変わる。
,ウェザーボール,50,ノーマル
312,,status,心地好い　やすらぐ　香りを　かがせて
味方全員の　状態異常を　回復する。
,アロマセラピー,,くさ
313,100,status,ないた　ふりをして　涙を　流す。
こまらせる　ことで
相手の　特防を　がくっと　さげる。,うそなき,,あく
314,95,special,鋭い　風で
相手を　切りつけて　攻撃する。
急所に　当たりやすい。,エアカッター,60,ひこう
315,90,special,フルパワーで　相手を　攻撃する。
使うと　反動で
自分の　特攻が　がくっと　さがる。,オーバーヒート,130,ほのお
316,,status,ゴーストタイプに　効果がない　技や
回避率の　高い　相手に
攻撃が　当たるように　なる。,かぎわける,,ノーマル
317,95,physical,岩石を　投げつけて　攻撃する。
相手の　動きを　封じることで
素早さを　さげる。,がんせきふうじ,60,いわ
318,100,special,風に　りんぷんを　のせて　相手を
攻撃する。自分の　すべての
能力が　あがることが　ある。,ぎんいろのかぜ,60,むし
319,85,status,金属を　こすって　でるような
いやな　音を　聞かせる。
相手の　特防を　がくっと　さげる。,きんぞくおん,,はがね
320,55,status,心地好い　笛の　音色を　聞かせて
相手を　眠りの　状態に　する。
,くさぶえ,,くさ
321,100,status,体を　くすぐり　笑わせる　ことで
相手の　攻撃と　防御を　さげる。
,くすぐる,,ノーマル
322,,status,宇宙から　神秘の　力を
とりこむ　ことで
自分の　防御と　特防を　あげる。,コスモパワー,,エスパー
323,100,special,潮を　吹きつけて　攻撃する。
自分の　ＨＰが　少ないほど
技の　威力は　さがる。,しおふき,150,みず
324,100,special,不思議な　光を
発射して　攻撃する。
相手を　混乱させることが　ある。,シグナルビーム,75,むし
325,,physical,影に　まぎれて　パンチを　くりだす。
攻撃は　必ず　命中する。
,シャドーパンチ,60,ゴースト
326,100,special,みえない　不思議な　力を
送って　攻撃する。
相手を　ひるませることが　ある。,じんつうりき,80,エスパー
327,90,physical,空に　むかうような　高い　アッパーで
相手を　突きあげて　攻撃する。
,スカイアッパー,85,かくとう
328,85,physical,激しく　吹きあれる　砂あらしの
中に　４ー５ターンの　あいだ
相手を　閉じこめて　攻撃する。,すなじごく,35,じめん
329,30,special,絶対零度の　冷たさで
相手を　攻撃する。
当たれば　一撃で　ひんしに　する。,ぜったいれいど,,こおり
330,85,special,濁った　水を
相手に　発射して　攻撃する。
命中率を　さげることが　ある。,だくりゅう,90,みず
331,100,physical,タネを　勢いよく
相手に　発射して　攻撃する。
２ー５回の　あいだ　連続で　だす。,タネマシンガン,25,くさ
332,,physical,素早い　動きで
相手を　ほんろうして　切りつける。
攻撃は　必ず　命中する。,つばめがえし,60,ひこう
333,100,physical,鋭い　氷柱を
相手に　発射して　攻撃する。
２ー５回の　あいだ　連続で　だす。,つららばり,25,こおり
334,,status,皮膚を　鉄のように
硬くする　ことで
自分の　防御を　ぐーんと　あげる。,てっぺき,,はがね
335,,status,両手を　ひろげて　たちはだかり
相手の　逃げ道を　ふさいで
逃げられなくする。,とおせんぼう,,ノーマル
336,,status,大声で　ほえて　気合を　高め
自分の　攻撃を　あげる。
,とおぼえ,,ノーマル
337,100,physical,鋭く　とがった　巨大な　ツメで
相手を　切り裂いて　攻撃する。
,ドラゴンクロー,80,ドラゴン
338,90,special,大きな　樹木で
相手を　たたきつけて　攻撃する。
次の　ターンは　動けなくなる。,ハードプラント,150,くさ
339,,status,体に　力を　こめて
筋肉を　ぶあつく　することで
自分の　攻撃と　防御を　あげる。,ビルドアップ,,かくとう
340,85,physical,空高く　飛び跳ねて
２ターン目に　相手を　攻撃する。
まひ状態に　することが　ある。,とびはねる,85,ひこう
341,95,special,泥の　塊を
相手に　投げつけて　攻撃する。
同時に　相手の　素早さを　さげる。,マッドショット,55,じめん
342,100,physical,しっぽで　たたく。
毒状態に　することが　あり
急所にも　当たりやすい。,ポイズンテール,50,どく
343,100,physical,かわいく　あまえながら
相手に　ちかづき
持っている　道具を　うばう。,ほしがる,60,ノーマル
344,100,physical,電気を　まとって　突進する。
自分も　かなり　ダメージを　受ける。
まひ状態に　することが　ある。,ボルテッカー,120,でんき
345,,special,相手を　追跡する
不思議な　はっぱを まきちらす。
攻撃は　必ず　命中する。,マジカルリーフ,60,くさ
346,,status,あたりを　水で　びしょびしょにする。
５ターンの　あいだ
ほのおタイプの　技を　弱める。,みずあそび,,みず
347,,status,静かに　精神を　統一し
心を　鎮めることで　自分の
特攻と　特防を　あげる。,めいそう,,エスパー
348,100,physical,はっぱを　剣のように　あやつり
相手を　切りつけて　攻撃する。
急所に　当たりやすい。,リーフブレード,90,くさ
349,,status,神秘的で　力強い　舞を
激しく　おどる。自分の
攻撃と　素早さを　あげる。,りゅうのまい,,ドラゴン
350,90,physical,硬い　岩石を
相手に　発射して　攻撃する。
２ー５回の　あいだ　連続で　だす。,ロックブラスト,25,いわ
351,,special,電撃を　素早く
相手に　浴びせる。
攻撃は　必ず　命中する。,でんげきは,60,でんき
352,100,special,水の　振動を
相手に　与えて　攻撃する。
相手を　混乱させることが　ある。,みずのはどう,60,みず
353,100,special,技を　使った　２ターン後に
無数の　光の　束で
相手を　攻撃する。,はめつのねがい,140,はがね
354,90,special,フルパワーで　相手を　攻撃する。
使うと　反動で
自分の　特攻が　がくっと　さがる。,サイコブースト,140,エスパー
355,,status,地面に　降りて　体を　やすめる。
最大ＨＰの　半分の
ＨＰを　回復する。,はねやすめ,,ひこう
356,,status,５ターンの　あいだ
重力を　強くして　ふゆうや
空へ　飛ぶ　技を　使えなくする。,じゅうりょく,,エスパー
357,,status,あくタイプに　効果がない　技や
回避率の　高い　相手に
攻撃が　当たるように　なる。,ミラクルアイ,,エスパー
358,100,physical,眠り状態の　相手に
大きな　ダメージを　与える。
かわりに　相手は　眠りから　さめる。,めざましビンタ,70,かくとう
359,90,physical,強くて　重い　こぶしを
ふるって　ダメージを　与える。
自分の　素早さが　さがる。,アームハンマー,100,かくとう
360,100,physical,体を　高速に　回転させて
体当たりする。相手より　素早さが
低いほど　強い。,ジャイロボール,,はがね
361,,status,自分は　ひんしに　なるが
控えから　でてくる　ポケモンの
状態異常と　ＨＰを　回復する。,いやしのねがい,,エスパー
362,100,special,相手が　ＨＰの　半分くらい
きずを　おっていると　技の　威力が
２倍に　なる。,しおみず,65,みず
363,100,physical,きのみから　力を　もらい
攻撃する。持たせた　きのみで
技の　タイプと　威力が　変わる。,しぜんのめぐみ,,ノーマル
364,100,physical,まもるや　みきりを　している
相手に　攻撃が　できる。
守りの　効果を　解除させる。,フェイント,30,ノーマル
365,100,physical,くちばしで　攻撃。
相手が　きのみを　持っているとき
食べて　きのみの　効果を　受けられる。,ついばむ,60,ひこう
366,,status,激しく　吹きあれる
風の渦を　つくり　４ターンの　あいだ
味方　全員の　素早さを　あげる。,おいかぜ,,ひこう
367,,status,つぼおしで　体を　活性化させる。
能力の　どれか　１つを
ぐーんと　あげる。,つぼをつく,,ノーマル
368,100,physical,技を　だす前に
最後に　受けた　技の　ダメージを
大きくして　だした　相手に　返す。,メタルバースト,,はがね
369,100,physical,攻撃したあと
ものすごい　スピードで　もどってきて
控えの　ポケモンと　入れ替わる。,とんぼがえり,70,むし
370,100,physical,守りを　捨てて　相手の　ふところに
突撃する。自分の
防御と　特防が　さがる。,インファイト,120,かくとう
371,100,physical,ためこんで　攻撃する。
相手より　あとに　攻撃できると
技の　威力は　２倍に　なる。,しっぺがえし,50,あく
372,100,physical,そのターンに　相手が
すでに　ダメージを　受けていたら
技の　威力は　２倍に　なる。,ダメおし,60,あく
373,100,status,持たせた　道具を　使えなくする。
トレーナーも　その　ポケモンには
道具を　使えない。,さしおさえ,,あく
374,100,physical,持たせた　道具を
素早く　投げつけて　攻撃する。
道具で　威力と　効果が　変わる。,なげつける,,あく
375,100,status,超能力で　暗示を　かけて
自分の　受けている　状態異常を
相手に　うつす。,サイコシフト,,エスパー
376,,special,きりふだの　残り　ＰＰが
少なければ　少ないほど
技の　威力が　あがる。,きりふだ,,ノーマル
377,100,status,５ターンの　あいだ　技や
特性や　持っている　道具によって
ＨＰを　回復　できなくする。,かいふくふうじ,,エスパー
378,100,special,強く　締めあげて　攻撃を　する。
相手の　ＨＰが　残っているほど
威力は　あがる。,しぼりとる,,ノーマル
379,,status,超能力で
自分の　攻撃と　防御の
力を　交換する。,パワートリック,,エスパー
380,100,status,胃液を　相手の
体に　吐きつける。ついた　胃液は
相手の　特性の　効果を　消す。,いえき,,どく
381,,status,天に　むかって　おいのりを　ささげ
相手の　攻撃を
急所に　当たらなくする。,おまじない,,ノーマル
382,,status,威力を　あげて　相手が
だそうとする　技を　先にだす。
先に　だせないと　失敗する。,さきどり,,ノーマル
383,,status,直前に　でた　技を　まねして
同じ　技を　だす。
技が　でていないと　失敗する。,まねっこ,,ノーマル
384,,status,超能力で　自分と　相手の
攻撃と　特攻の
能力変化を　入れ替える。,パワースワップ,,エスパー
385,,status,超能力で　自分と　相手の
防御と　特防の
能力変化を　入れ替える。,ガードスワップ,,エスパー
386,100,physical,能力変化で
相手が　パワーアップ　しているほど
技の　威力が　あがる。,おしおき,,あく
387,100,physical,戦闘中に　おぼえている　技を
すべて　使うと　はじめて　だせる
とっておきの　技。,とっておき,140,ノーマル
388,100,status,心を　なやませる　タネを
植えつける。相手を　眠れなくして
特性を　ふみんに　する。,なやみのタネ,,くさ
389,100,physical,相手より　先に　攻撃　できる。
相手が　だす技が
攻撃技でないと　失敗する。,ふいうち,70,あく
390,,status,相手の　足下に　どくびしを
しかける。交代で　でてきた　相手の
ポケモンに　毒を　おわせる。,どくびし,,どく
391,,status,超能力で
自分と　相手に　かかっている
能力変化を　入れ替える。,ハートスワップ,,エスパー
392,,status,自分の　体の　周りを
水で　つくった　ベールで　おおう。
毎ターン　ＨＰを　回復する。,アクアリング,,みず
393,,status,電気で　つくった　磁力の　力で
宙に　浮かぶ。
５ターンの　あいだ　浮遊できる。,でんじふゆう,,でんき
394,100,physical,炎を　まとって　突進する。
自分も　かなり　ダメージを　受ける。
やけど状態に　することが　ある。,フレアドライブ,120,ほのお
395,100,physical,相手の　体に
衝撃波を　当てて　攻撃する。
まひ状態に　することが　ある。,はっけい,60,かくとう
396,,special,体の　奥から　波導の　力を
相手に　うち放つ。
攻撃は　必ず　命中する。,はどうだん,80,かくとう
397,,status,自分の　体を　磨いて　空気の
抵抗を　少なくする。素早さを
ぐーんと　あげることが　できる。,ロックカット,,いわ
398,100,physical,毒に　そまった　触手や　腕で
相手を　突き刺す。
毒状態に　することが　ある。,どくづき,80,どく
399,100,special,体から　悪意に　みちた
恐ろしい　オーラを　発する。
相手を　ひるませることが　ある。,あくのはどう,80,あく
400,100,physical,一瞬の　すきを　ついて
相手を　切りはらう。
急所に　当たりやすい。,つじぎり,70,あく
401,90,physical,激しく　あれくるう　荒波の　ように
大きな　しっぽを　ふって
相手を　攻撃する。,アクアテール,90,みず
402,100,physical,硬い　殻を　もつ　大きな　タネを
上から　たたきつけて
相手を　攻撃する。,タネばくだん,80,くさ
403,95,special,空をも　切り裂く
空気の　刃で　攻撃する。
相手を　ひるませることが　ある。,エアスラッシュ,75,ひこう
404,100,physical,カマや　ツメを　ハサミのように
交差させながら　相手を　切り裂く。
,シザークロス,80,むし
405,100,special,はねの　振動で　音波を　おこして
攻撃する。相手の　特防を
さげることが　ある。,むしのさざめき,90,むし
406,100,special,大きな　口から　衝撃波を
まきおこして　相手を　攻撃する。
,りゅうのはどう,85,ドラゴン
407,75,physical,すさまじい　殺気で　威圧しながら
体当たりする。
相手を　ひるませることが　ある。,ドラゴンダイブ,100,ドラゴン
408,100,special,宝石のように　きらめく　光を
発射して　相手を　攻撃する。
,パワージェム,80,いわ
409,100,physical,こぶしから　相手の　力を　吸い取る。
与えた　ダメージの
半分の　ＨＰを　回復できる。,ドレインパンチ,75,かくとう
410,100,special,こぶしを　ふって
真空の　波を　まきおこす。
必ず　先制攻撃できる。,しんくうは,40,かくとう
411,70,special,気合を　高めて
ありったけの　力を　放出する。
相手の　特防を　さげることが　ある。,きあいだま,120,かくとう
412,100,special,自然から　集めた
命の力を　発射する。
相手の　特防を　さげることがある。,エナジーボール,90,くさ
413,100,physical,はねを　おりたたみ
低空飛行で　突撃する。
自分も　かなり　ダメージを　受ける。,ブレイブバード,120,ひこう
414,100,special,相手の　足下へ　大地の力を
放出する。相手の　特防を
さげることが　ある。,だいちのちから,90,じめん
415,100,status,目にも　とまらぬ　速さで
自分と　相手の
持ち物を　交換する。,すりかえ,,あく
416,90,physical,持てる　力を　すべて　使って
相手に　突撃する。
次の　ターンは　動けなくなる。,ギガインパクト,150,ノーマル
417,,status,悪いことを　考えて
頭を　活性化させる。
自分の　特攻を　ぐーんと　あげる。,わるだくみ,,あく
418,100,physical,弾丸の　ような　速くて　硬い
パンチを　相手に　くりだす。
必ず　先制攻撃　できる。,バレットパンチ,40,はがね
419,100,physical,相手から　技を　受けていると
その　相手に　対して
技の　威力が　２倍に　なる。,ゆきなだれ,60,こおり
420,100,physical,氷の塊を　一瞬で　つくり
相手に　素早く　放つ。
必ず　先制攻撃　できる。,こおりのつぶて,40,こおり
421,100,physical,影から　つくった　鋭い　ツメで
相手を　切り裂く。
急所に　当たりやすい。,シャドークロー,70,ゴースト
422,95,physical,電気を　ためた　キバで　かみつく。
相手を　ひるませたり
まひ状態に　することが　ある。,かみなりのキバ,65,でんき
423,95,physical,冷気を　ひめた　キバで　かみつく。
相手を　ひるませたり
こおり状態に　することが　ある。,こおりのキバ,65,こおり
424,95,physical,炎を　まとった　キバで　かみつく。
相手を　ひるませたり
やけど状態に　することが　ある。,ほのおのキバ,65,ほのお
425,100,physical,影を　のばして
相手の　背後から　攻撃する。
必ず　先制攻撃　できる。,かげうち,40,ゴースト
426,85,special,硬い　泥の　弾を
相手に　発射して　攻撃する。
命中率を　さげることが　ある。,どろばくだん,65,じめん
427,100,physical,実体化させた
心の　刃で　相手を　切り裂く。
急所に　当たりやすい。,サイコカッター,70,エスパー
428,90,physical,思念の　力を
額に　集めて　攻撃する。
相手を　ひるませることが　ある。,しねんのずつき,80,エスパー
429,85,special,磨きあげられた　体から
せん光の　力を　相手に　放つ。
命中率を　さげることが　ある。,ミラーショット,65,はがね
430,100,special,体の　光を　一点に　集めて
力を　放つ。
相手の　特防を　さげることが　ある。,ラスターカノン,80,はがね
431,85,physical,すごい　勢いで　相手に
つっこみ　攻撃する。
相手を　混乱させることが　ある。,ロッククライム,90,ノーマル
432,,status,強い風で　相手の　リフレクターや
ひかりのかべ　などを　はらいのける。
回避率も　さげる。,きりばらい,,ひこう
433,,status,まか不思議な　空間を　つくる。
５ターンの　あいだ
遅い　ポケモンから　行動できる。,トリックルーム,,エスパー
434,90,special,天空から　隕石を
相手に　落とす。使うと　反動で
自分の　特攻が　がくっと　さがる。,りゅうせいぐん,130,ドラゴン
435,100,special,まばゆい　電撃で　自分の
周りに　いるものを　攻撃する。
まひ状態に　することが　ある。,ほうでん,80,でんき
436,100,special,真っ赤な　炎で　自分の
周りに　いるものを　攻撃する。
やけど状態に　することが　ある。,ふんえん,80,ほのお
437,90,special,とがった　はっぱで　相手に　あらしを
おこす。使うと　反動で
自分の　特攻が　がくっと　さがる。,リーフストーム,130,くさ
438,85,physical,ツタや　触手を　激しく　ふるって
相手を　たたきつけ　攻撃する。
,パワーウィップ,120,くさ
439,90,physical,巨大な　岩を
相手に　発射して　攻撃する。
次の　ターンは　動けなくなる。,がんせきほう,150,いわ
440,100,physical,毒の　刃で　相手を　切り裂く。
毒状態に　することが　あり
急所にも　当たりやすい。,クロスポイズン,70,どく
441,80,physical,汚い　ゴミを
相手に　ぶつけて　攻撃する。
毒状態に　することが　ある。,ダストシュート,120,どく
442,100,physical,鋼の　ような
硬い　頭で　攻撃する。
相手を　ひるませることが　ある。,アイアンヘッド,80,はがね
443,,physical,相手に　吸いつく
鋼の　爆弾を　発射する。
攻撃は　必ず　命中　する。,マグネットボム,60,はがね
444,80,physical,とがった　岩を
相手に　突き刺して　攻撃する。
急所に　当たりやすい。,ストーンエッジ,100,いわ
445,100,status,♂なら♀を　♀なら♂を　誘惑して
相手の　特攻を　がくっと　さげる。
,ゆうわく,,ノーマル
446,,status,相手の　周りに　無数の　岩を
浮かべて　交代で　でてきた　相手の
ポケモンに　ダメージを　与える。,ステルスロック,,いわ
447,100,special,草を　からませて　相手を
転ばせる。相手が　重いほど
威力が　あがる。,くさむすび,,くさ
448,100,special,おぼえた　言葉で
音波を　おこして　攻撃する。
相手を　混乱させる。,おしゃべり,65,ひこう
449,100,special,無数の　光弾を　相手に　放出する。
自分の　持つ　プレートに　より
タイプが　変わる。,さばきのつぶて,100,ノーマル
450,100,physical,かみついて　攻撃する。
相手が　きのみを　持っているとき
食べて　きのみの　効果を　受けられる。,むしくい,60,むし
451,90,special,電撃の　束を　相手に
発射する。電気を　ためて　自分の
特攻を　あげることが　ある。,チャージビーム,50,でんき
452,100,physical,硬い　胴体を
相手に　たたきつけて　攻撃する。
自分も　かなり　ダメージを　受ける。,ウッドハンマー,120,くさ
453,100,physical,目にも　留まらぬ　ものすごい　速さで
相手に　つっこむ。
必ず　先制攻撃　できる。,アクアジェット,40,みず
454,100,physical,しもべを　呼びだして
相手に　むかって　攻撃させる。
急所に　当たりやすい。,こうげきしれい,90,むし
455,,status,しもべを　呼びだして　自分の　体に
おおい　つかせる。防御と　特防を
あげることが　できる。,ぼうぎょしれい,,むし
456,,status,しもべを　呼びだして　きずを　治す。
最大ＨＰの　半分
自分の　ＨＰを　回復する。,かいふくしれい,,むし
457,80,physical,命を　懸けて　こん身の　力で
相手に　ずつきを　する。自分も
ものすごい　ダメージを　受ける。,もろはのずつき,150,いわ
458,90,physical,しっぽなどを　使い
相手を　たたいて　攻撃する。
２回連続で　ダメージを　与える。,ダブルアタック,35,ノーマル
459,90,special,時間が　ゆがむほどの　力を
うちだして　相手を　攻撃する。
次の　ターンは　動けなくなる。,ときのほうこう,150,ドラゴン
460,95,special,周りの　空間ごと　相手を
引き裂き　ダメージを　与える。
急所に　当たりやすい。,あくうせつだん,100,ドラゴン
461,,status,自分は　ひんしに　なるが
控えから　でてくる　ポケモンの
すべての　状態を　回復する。,みかづきのまい,,エスパー
462,100,physical,すさまじい　力で　相手を　にぎりつぶす。
相手の　ＨＰが　残っているほど
威力が　あがる。,にぎりつぶす,,ノーマル
463,75,special,激しく　燃えたぎる　炎の　なかに
４ー５ターンの　あいだ
相手を　閉じこめて　攻撃する。,マグマストーム,100,ほのお
464,50,status,暗黒の　世界に　ひきずり　落として
相手を　眠り状態に　する。
,ダークホール,,あく
465,85,special,体の　中から　衝撃波を
発生させる。相手の　特防を
がくっと　さげることが　ある。,シードフレア,120,くさ
466,100,special,みのけも　よだつ　突風で　相手を
攻撃する。自分の　すべての
能力が　あがることが　ある。,あやしいかぜ,60,ゴースト
467,100,physical,１ターン目で　姿を　消して
２ターン目に　相手を　攻撃する。
守っていても　攻撃は　当たる。,シャドーダイブ,120,ゴースト
468,,status,ツメを　磨いて　鋭く　する。
自分の　攻撃と
命中率を　あげる。,つめとぎ,,あく
469,,status,味方全員に　当たる　攻撃を
１ターンの　あいだ　防ぐ。
,ワイドガード,,いわ
470,,status,超能力で　自分と　相手の
防御と　特防を　たして
半分に　わける。,ガードシェア,,エスパー
471,,status,超能力で　自分と　相手の
攻撃と　特攻を　たして
半分に　わける。,パワーシェア,,エスパー
472,,status,まか不思議な　空間を　つくる。
５ターンのあいだ　すべてのポケモンの
防御と　特防が　入れ替わる。,ワンダールーム,,エスパー
473,100,special,不思議な　念波を　実体化して
相手を　攻撃する。
物理的な　ダメージを　与える。,サイコショック,80,エスパー
474,100,special,特殊な　毒液を　浴びせかける。
毒状態の　相手には
威力が　２倍に　なる。,ベノムショック,65,どく
475,,status,体の　ムダな　部分を　削る。
自分の　素早さを　ぐーんと　あげて
体重も　軽くなる。,ボディパージ,,はがね
476,,status,イライラさせる　粉を　自分に
ふりかけて　注意を　ひく。相手の
攻撃を　すべて　自分に　むける。,いかりのこな,,むし
477,,status,超能力で　相手を　浮かせる。
３ターンの　あいだ　攻撃が
相手に　当たりやすく　なる。,テレキネシス,,エスパー
478,,status,まか不思議な　空間を　つくる。
５ターンのあいだ　すべてのポケモンの
道具の　効果が　なくなる。,マジックルーム,,エスパー
479,100,physical,石や　弾を　投げて　飛んでいる
相手を　攻撃する。相手は
うち落とされて　地面に　落ちる。,うちおとす,50,いわ
480,100,physical,強烈な　一撃を
相手に　くりだす。攻撃は
必ず　急所に　当たる。,やまあらし,60,かくとう
481,100,special,当たると　はじける　炎で　相手を
攻撃する。はじけた　炎は
隣の　相手にも　ふりかかる。,はじけるほのお,70,ほのお
482,100,special,ヘドロの　波で　自分の
周りに　いるものを　攻撃する。
毒状態に　することが　ある。,ヘドロウェーブ,95,どく
483,,status,神秘的で　美しい　舞を
軽やかに　おどる。自分の　特攻と
特防と　素早さを　あげる。,ちょうのまい,,むし
484,100,physical,重たい　体で　相手に　ぶつかって
攻撃する。自分が　相手より
重いほど　威力が　あがる。,ヘビーボンバー,,はがね
485,100,special,不思議な　電波で　周りに　いる
自分と　同じ　タイプの
ポケモンに　ダメージを　与える。,シンクロノイズ,120,エスパー
486,100,special,電気の　塊を　相手に
ぶつける。相手より　素早さが
速いほど　威力が　あがる。,エレキボール,,でんき
487,100,status,たくさんの　水を　浴びせかけて
相手を　みずタイプに　する。
,みずびたし,,みず
488,100,physical,炎を　まとい　相手を　攻撃する。
力を　ためて　自分の
素早さを　あげる。,ニトロチャージ,50,ほのお
489,,status,とぐろを　まいて　集中する。
自分の　攻撃と　防御と
命中率を　あげる。,とぐろをまく,,どく
490,100,physical,素早い　動きで　相手の　足を
ねらって　攻撃する。
相手の　素早さを　さげる。,ローキック,65,かくとう
491,100,special,相手を　とかす　液体を
吐きだして　攻撃する。
相手の　特防を　がくっと　さげる。,アシッドボム,40,どく
492,100,physical,相手の　力を　利用する。
戦っている　相手の　攻撃が
高いほど　ダメージが　あがる。,イカサマ,95,あく
493,100,status,なぞの　念波を　相手に　送る。
念波を　受けとった　相手は
特性が　たんじゅんに　なる。,シンプルビーム,,ノーマル
494,100,status,不思議な　リズムで　おどる。
動きを　まねさせて　自分と　相手の
特性を　同じに　する。,なかまづくり,,ノーマル
495,,status,相手の　行動を　サポートして
自分の　行動の　あとに
続けて　動けるように　する。,おさきにどうぞ,,ノーマル
496,100,special,歌で　相手を　攻撃する。
みんなで　輪唱すると　続けて
だすことが　でき　威力も　あがる。,りんしょう,60,ノーマル
497,100,special,響く　声で　相手を　攻撃する。
毎ターン　だれかが　技を
使い続けると　威力が　あがる。,エコーボイス,40,ノーマル
498,100,physical,すきを　みて　堅実に　攻撃する。
相手の　能力変化に
関係なく　ダメージを　与える。,なしくずし,70,ノーマル
499,,special,特殊な　泥の　塊を
相手に　投げつけて　攻撃する。
能力変化を　もとに　もどす。,クリアスモッグ,50,どく
500,100,special,蓄積された　パワーで　相手を
攻撃する。自分の　能力が
あがっているほど　威力が　あがる。,アシストパワー,20,エスパー
501,,status,自分と　味方を　相手の
先制攻撃から　守る。
,ファストガード,,かくとう
502,,status,不思議な　力で　テレポートして
自分と　味方の　居場所を
入れ替える。,サイドチェンジ,,エスパー
503,100,special,熱く　煮えたぎる　水を
相手に　発射して　攻撃する。
やけど状態に　することが　ある。,ねっとう,80,みず
504,,status,殻を　やぶって　自分の　防御
特防を　さげるが　攻撃　特攻
素早さを　ぐーんと　あげる。,からをやぶる,,ノーマル
505,,status,いやしのはどうを　とばして
最大ＨＰの　半分
相手の　ＨＰを　回復する。,いやしのはどう,,エスパー
506,100,special,たたみかける　ように　攻撃する。
状態異常の　相手に
大きな　ダメージを　与える。,たたりめ,65,ゴースト
507,100,physical,１ターン目で　相手を　空へ　連れさり
２ターン目に　落として　攻撃する。
連れさられた　相手は　動けない。,フリーフォール,60,ひこう
508,,status,歯車を　回して
自分の　攻撃を　あげる　だけでなく
素早さも　ぐーんと　あげる。,ギアチェンジ,,はがね
509,90,physical,相手を　投げとばして
控えの　ポケモンを　ひきずりだす。
野生の　場合は　戦闘が　終わる。,ともえなげ,60,かくとう
510,100,special,炎で　相手を　攻撃する。
相手が　きのみなどを　持っているとき
燃やして　使えなくする。,やきつくす,60,ほのお
511,100,status,相手を　おさえつけて
行動の　順番を
最後に　する。,さきおくり,,あく
512,100,physical,軽やかに　相手を　攻撃する。
自分が　道具を　持っていないとき
大きな　ダメージを　与える。,アクロバット,55,ひこう
513,,status,相手の　タイプを　反射して
自分も　同じ　タイプに　なる。
,ミラータイプ,,ノーマル
514,100,physical,倒れた　味方の　かたきを　討つ。
前の　ターンに　味方が
倒されていると　威力が　あがる。,かたきうち,70,ノーマル
515,100,special,命懸けで　相手を　攻撃する。
自分は　ひんしに　なるが　相手に
ＨＰ分の　ダメージを　与える。,いのちがけ,,かくとう
516,,status,相手が　道具を　持っていないとき
自分が　持っている　道具を
相手に　わたす。,ギフトパス,,ノーマル
517,50,special,激しい　炎で
相手を　包みこみ　攻撃する。
やけど状態に　する。,れんごく,100,ほのお
518,100,special,水の柱で　攻撃する。
ほのおと　組みあわせると　威力が
あがって　空に　にじが　かかる。,みずのちかい,80,みず
519,100,special,炎の柱で　攻撃する。
くさと　組みあわせると　威力が
あがって　周りが　火の海に　なる。,ほのおのちかい,80,ほのお
520,100,special,草の柱で　攻撃する。
みずと　組みあわせると　威力が
あがって　あたりが　湿原に　なる。,くさのちかい,80,くさ
521,100,special,攻撃したあと
ものすごい　スピードで　もどってきて
控えポケモンと　入れ替わる。,ボルトチェンジ,70,でんき
522,100,special,抵抗して　相手を　攻撃する。
相手の　特攻を　さげる。
,むしのていこう,50,むし
523,100,physical,地面を　踏みならして　自分の
周りに　いるものを　攻撃する。
相手の　素早さを　さげる。,じならし,60,じめん
524,90,special,冷たい　息を
相手に　吹きつけて　攻撃する。
必ず　急所に　当たる。,こおりのいぶき,60,こおり
525,90,physical,相手を　はじきとばして
控えの　ポケモンを　ひきずりだす。
野生の　場合は　戦闘が　終わる。,ドラゴンテール,60,ドラゴン
526,,status,自分を　奮いたてて
攻撃と　特攻を　あげる。
,ふるいたてる,,ノーマル
527,95,special,電気の　ネットで
相手を　捕まえて　攻撃する。
相手の　素早さを　さげる。,エレキネット,55,でんき
528,100,physical,電気を　まとって
相手に　ぶつかって　攻撃する。
自分も　少し　ダメージを　受ける。,ワイルドボルト,90,でんき
529,95,physical,ドリルのように　体を　回転しながら
相手に　体当たりする。
急所に　当たりやすい。,ドリルライナー,80,じめん
530,90,physical,体の　硬い部分で　相手を
たたいて　攻撃する。
２回連続で　ダメージを　与える。,ダブルチョップ,40,ドラゴン
531,100,physical,かわいい　しぐさで　油断させて
強烈な　一撃を　浴びせる。
相手を　ひるませることが　ある。,ハートスタンプ,60,エスパー
532,100,physical,つのを　突き刺して　相手の　養分を
吸い取る。与えた　ダメージの
半分の　ＨＰを　回復できる。,ウッドホーン,75,くさ
533,100,physical,長い　つので　切りつけ　攻撃する。
相手の　能力変化に
関係なく　ダメージを　与える。,せいなるつるぎ,90,かくとう
534,95,physical,鋭い　貝殻で　切りつけて
攻撃する。相手の　防御を
さげることが　ある。,シェルブレード,75,みず
535,100,physical,燃える　体で　相手に　ぶつかって
攻撃する。自分が　相手より
重いほど　威力が　あがる。,ヒートスタンプ,,ほのお
536,90,special,鋭い　はっぱで　相手を
包みこんで　攻撃する。
命中率を　さげることが　ある。,グラスミキサー,65,くさ
537,100,physical,まるめた　体で　回転して
相手を　おしつぶす。
相手を　ひるませることが　ある。,ハードローラー,65,むし
538,,status,フワフワの　綿毛で　自分の
体を　包みこんで　守る。
防御を　ぐぐーんと　あげる。,コットンガード,,くさ
539,95,special,暗黒の　衝撃波を
とばして　相手を　攻撃する。
命中率を　さげることが　ある。,ナイトバースト,85,あく
540,100,special,不思議な　念波を　実体化して
相手を　攻撃する。
物理的な　ダメージを　与える。,サイコブレイク,100,エスパー
541,85,physical,硬い　しっぽで
相手を　たたいて　攻撃する。
２ー５回の　あいだ　連続で　だす。,スイープビンタ,25,ノーマル
542,70,special,強烈な　風で　相手を
包みこんで　攻撃する。
相手を　混乱させることが　ある。,ぼうふう,110,ひこう
543,100,physical,すごい　アフロの　頭で
相手に　突進して　攻撃する。
自分も　少し　ダメージを　受ける。,アフロブレイク,120,ノーマル
544,85,physical,鋼鉄の　ギアを　相手に
投げつけて　攻撃する。
２回連続で　ダメージを　与える。,ギアソーサー,50,はがね
545,100,special,真っ赤な　炎で　自分の
周りに　いるものを　攻撃する。
やけど状態に　することが　ある。,かえんだん,100,ほのお
546,100,special,光弾を　相手に　放出する。
自分の　持つ
カセットにより　タイプが　変わる。,テクノバスター,120,ノーマル
547,100,special,いにしえのうたを　相手に　聞かせて
心に　うったえて　攻撃する。
眠り状態に　することが　ある。,いにしえのうた,75,ノーマル
548,100,special,長い　つので　切りつけ　攻撃する。
つのが　まとった　不思議な　力は
物理的な　ダメージを　与える。,しんぴのつるぎ,85,かくとう
549,95,special,凍えるような　冷気を
相手に　吹きつけて　攻撃する。
相手の　素早さを　さげる。,こごえるせかい,65,こおり
550,85,physical,ぼうだいな　電気を　身に　まとって
相手に　突進して　攻撃する。
まひ状態に　することが　ある。,らいげき,130,でんき
551,85,special,美しくも　激しい　青い炎で
相手を　包みこんで　攻撃する。
やけど状態に　することが　ある。,あおいほのお,130,ほのお
552,100,special,炎を　まとい　はばたいて　相手を
攻撃する。自分の　特攻が
あがることが　ある。,ほのおのまい,80,ほのお
553,90,physical,電気を　まとった　氷の　塊で
２ターン目に　相手を　たたきつける。
まひ状態に　することが　ある。,フリーズボルト,140,こおり
554,90,special,すべてを　凍らせる　激しい　冷気で
２ターン目に　相手を　包みこむ。
やけど状態に　することが　ある。,コールドフレア,140,こおり
555,95,special,まくしたてる　ように　怒鳴りつけて
相手の　特攻を　さげる。
,バークアウト,55,あく
556,90,physical,大きな　氷柱を
激しく　ぶつけて　攻撃する。
相手を　ひるませることが　ある。,つららおとし,85,こおり
557,95,physical,灼熱の　炎を　額から
発生させて　捨て身の　体当たり。
防御　特防　素早さが　さがる。,Ｖジェネレート,180,ほのお
558,100,special,巨大な　炎を　たたきつける。
巨大な　雷の　影響を受け
技の　威力が　あがる。,クロスフレイム,100,ほのお
559,100,physical,巨大な　雷を　たたきつける。
巨大な　炎の　影響を受け
技の　威力が　あがる。,クロスサンダー,100,でんき
560,95,physical,空中から　相手に　ダイブする。
この技は　かくとうタイプと　同時に
ひこうタイプでも　ある。,フライングプレス,100,かくとう
561,,status,かえした　タタミを　盾にして　自分や
味方への　技の　ダメージを　防ぐ。
変化技は　防ぐことが　できない。,たたみがえし,,かくとう
562,90,special,相手に　向かって　ゲップを
浴びせて　ダメージを　与える。
きのみを　食べないと　だせない。,ゲップ,120,どく
563,,status,地面を　耕して　草木が
育ちやすいようにする。くさタイプの
攻撃と　特攻が　あがる。,たがやす,,じめん
564,,status,相手の　周りに　ねばねばした
ネットを　はりめぐらせ　交代で
でてきた　相手の　素早さを　さげる。,ねばねばネット,,むし
565,100,physical,この　技を　使って
相手を　倒すと
攻撃が　ぐーんと　あがる。,とどめばり,50,むし
566,100,physical,１ターンめで　どこかに　消えて
２ターンめに　相手を　攻撃する。
守りを　無視して　攻撃できる。,ゴーストダイブ,90,ゴースト
567,100,status,相手を　ハロウィンに　誘う。
相手の　タイプに
ゴーストタイプが　追加される。,ハロウィン,,ゴースト
568,100,status,おたけびを　あげて
相手を　威嚇し　相手の
攻撃と　特攻を　さげる。,おたけび,,ノーマル
569,,status,電気を　帯びた　粒子を
拡散し　ノーマルタイプの　技を
でんきタイプに　してしまう。,プラズマシャワー,,でんき
570,100,special,周りにいる　ポケモン　全員に
ダメージ。与えた　ダメージの
半分を　自分が　回復する。,パラボラチャージ,65,でんき
571,100,status,相手に　森ののろいを　かける。
のろいを　かけられた　相手は
タイプに　くさタイプが　追加される。,もりののろい,,くさ
572,100,physical,激しい　花吹雪を　起こし
周りに　いるものに　攻撃して
ダメージを　与える。,はなふぶき,90,くさ
573,100,special,相手を　急激に　冷やして
こおり　状態に　することが　ある。
みずタイプにも　効果抜群になる。,フリーズドライ,70,こおり
574,,special,魅惑の　鳴き声を　だして　相手に
精神的な　ダメージを　与える。
攻撃は　必ず　命中　する。,チャームボイス,40,フェアリー
575,100,status,すてゼリフで　相手を　いかくし
攻撃と　特攻を　さげたのち
控えの　ポケモンと　入れ替わる。,すてゼリフ,,あく
576,,status,相手に　かかっている
すべての　能力変化を
ひっくり返して　逆にする。,ひっくりかえす,,あく
577,100,special,キッスによって　相手から　ＨＰを
吸い取る。与えた　ダメージの
半分以上　ＨＰを　回復する。,ドレインキッス,50,フェアリー
578,,status,不思議な　力を　使って
味方への　変化技を　防ぐ。
ダメージ技は　受けてしまう。,トリックガード,,フェアリー
579,,status,不思議な　力を　使って
場にいる　くさタイプの　ポケモン
全員の　防御を　あげる。,フラワーガード,,フェアリー
580,,status,５ターンの　あいだ　足元を
グラスフィールドにする。地面にいる
ポケモンは　毎ターン　回復する。,グラスフィールド,,くさ
581,,status,５ターンの　あいだ　足元を
ミストフィールドにする。地面にいると
状態異常に　ならない。,ミストフィールド,,フェアリー
582,,status,相手が　技を　だす前に
そうでん　すると　そのターン
相手の　技は　でんきタイプになる。,そうでん,,でんき
583,90,physical,相手に　じゃれついて
攻撃する。　相手の
攻撃を　さげる　ことがある。,じゃれつく,90,フェアリー
584,100,special,ようせいのかぜを　起こし
相手に　吹きつけて　攻撃する。
,ようせいのかぜ,40,フェアリー
585,100,special,月の　パワーを　かりて
相手を　攻撃する。　相手の
特攻を　さげる　ことがある。,ムーンフォース,95,フェアリー
586,100,special,すさまじい　爆音の
破壊力に　よって
周りに　いるものを　攻撃する。,ばくおんぱ,140,ノーマル
587,,status,ロックを　かけることによって
次のターン　すべての
ポケモンを　逃げられなくする。,フェアリーロック,,フェアリー
588,,status,相手の　攻撃を　防ぐと　同時に
防御態勢になる。　触れた
相手の　攻撃を　がくっと　さげる。,キングシールド,,はがね
589,,status,相手と　仲良くなって
戦う　気力を　失わせ
相手の　攻撃を　さげる。,なかよくする,,ノーマル
590,,status,ないしょばなしを　することで　相手の
集中力を　失わせ
相手の　特攻を　さげる。,ないしょばなし,,ノーマル
591,95,physical,ダイヤの　嵐を　巻き起こし
ダメージを　与える。　自分の
防御を　あげることが　ある。,ダイヤストーム,100,いわ
592,95,special,ものすごく　熱い　蒸気を
相手に　浴びせる。
相手は　やけどする　ことがある。,スチームバースト,110,みず
593,,special,異次元ホールで　突然　相手の
真横に　現れ　攻撃する。
まもるや　みきりも　無視　できる。,いじげんホール,80,エスパー
594,100,special,粘液で　できた　手裏剣を
２ー５回の　あいだ　連続で　だす。
必ず　先制攻撃　できる。,みずしゅりけん,15,みず
595,100,special,口から　吐きだす　特別
熱い　炎で　攻撃する。
相手の　特攻を　さげる。,マジカルフレイム,75,ほのお
596,,status,相手の　攻撃を　防ぐと
同時に　触れた　相手の
体力を　削って　しまう。,ニードルガード,,くさ
597,,status,不思議な　アロマの　香りによって
味方の　特防を　あげる。
,アロマミスト,,フェアリー
598,100,status,体から　かいでんぱを　放ち
相手に　浴びせる　ことによって
特攻を　がくっと　さげる。,かいでんぱ,,でんき
599,100,status,特殊な　毒液を　浴びせかける。
毒状態の　相手は
攻撃　特攻　素早さが　さがる。,ベノムトラップ,,どく
600,100,status,ふんじんを　浴びせた　相手が
ほのお技を　使うと
爆発して　ダメージを　与える。,ふんじん,,むし
601,,status,１ターン目で　エネルギーを
吸収し　２ターン目に　特攻
特防　素早さを　ぐーんと　あげる。,ジオコントロール,,フェアリー
602,,status,磁場を　操作　することによって
特性　プラスと　マイナスの
防御　特防が　あがる。,じばそうさ,,でんき
603,,status,ハッピータイムの　技を　使うと
戦闘の　あとで　もらえる
お金が　倍になる。,ハッピータイム,,ノーマル
604,,status,５ターンの　あいだ　足元を
エレキフィールドにする。地面にいる
ポケモンは　眠らなくなる。,エレキフィールド,,でんき
605,100,special,強力な　光を　放ち
相手に　ダメージを　与える。
,マジカルシャイン,80,フェアリー
606,,status,ポケモンが　とっても
ハッピーな　あなたのことを
お祝い　してくれる。,おいわい,,ノーマル
607,,status,味方の　ポケモン　同士が
手をつなぐ。　とっても　幸せな
気持ちに　なれる。,てをつなぐ,,ノーマル
608,100,status,つぶらなひとみで　相手を　みつめて
攻撃を　さげる。
必ず　先制攻撃　できる。,つぶらなひとみ,,フェアリー
609,100,physical,電気を　帯びた　ほっぺを
すりつけて　攻撃。
相手を　まひ状態に　する。,ほっぺすりすり,20,でんき
610,100,physical,手加減　した　攻撃で
相手の　ＨＰを
必ず　１だけ　残す。,てかげん,40,ノーマル
611,100,special,４ー５ターンの　あいだ　相手に
まとわりついて　攻撃する。
そのあいだ　相手は　逃げられない。,まとわりつく,20,むし
612,100,physical,繰り返し　打つことで
だんだん　こぶしが　固くなる。
相手に　当てると　攻撃が　あがる。,グロウパンチ,40,かくとう
613,100,special,ねらいを　定めた　相手から　ＨＰを
吸い取る。与えた　ダメージの
半分以上　ＨＰを　回復する。,デスウイング,80,ひこう
614,100,physical,浮いている　ポケモンにも　当たる。
浮いていた　相手は
撃ち落とされて　地面に　落ちる。,サウザンアロー,90,じめん
615,100,physical,地をはう　波によって　攻撃。
波に　巻き込まれた　相手は
戦闘から　逃げられなくなる。,サウザンウェーブ,90,じめん
616,100,physical,大地の　パワーを　集め
力を　相手に　集中させて
ダメージを　与える。,グランドフォース,90,じめん
617,90,special,永遠の花　の　パワーを　かりて
強力な　光線を　撃ちだす。
自分も　かなりの　ダメージを　受ける。,はめつのひかり,140,フェアリー
618,85,special,青白く　輝く　無数の　光線で
相手を　攻撃する。,こんげんのはどう,110,みず
619,85,physical,大地の　力を　刃に　変えて
相手を　攻撃する。,だんがいのつるぎ,120,じめん
620,100,physical,大空から　急速落下　して
相手を　攻撃する。
自分の　防御と　特防が　さがる。,ガリョウテンセイ,120,ひこう
621,,physical,たくさんの　腕を　つかって　まもるや
 きりを　無視した　連続攻撃
自分の　防御が　さがる。,いじげんラッシュ,100,あく
622,,physical,Ｚパワーで　勢いを　つけて
全力で　相手に　ぶつかる。
元になった　技で　威力が　変わる。,ウルトラダッシュアタック,,ノーマル
623,,special,ダミーデータ,ウルトラダッシュアタック,,ノーマル
624,,physical,Ｚパワーで　作った　エネルギーの　弾を
全力で　相手に　ぶつける。
元になった　技で　威力が　変わる。,ぜんりょくむそうげきれつけん,,かくとう
625,,special,ダミーデータ,ぜんりょくむそうげきれつけん,,かくとう
626,,physical,Ｚパワーで　勢いよく　飛びあがり
相手に　向かって　全力で　落下。
元になった　技で　威力が　変わる。,ファイナルダイブクラッシュ,,ひこう
627,,special,ダミーデータ,ファイナルダイブクラッシュ,,ひこう
628,,physical,Ｚパワーで　毒の　沼を　湧きあがらせ
全力で　相手を　沈める。
元になった　技で　威力が　変わる。,アシッドポイズンデリート,,どく
629,,special,ダミーデータ,アシッドポイズンデリート,,どく
630,,physical,Ｚパワーで　地面の　奥深くに　潜り
全力で　相手に　ぶつかる。
元になった　技で　威力が　変わる。,ライジングランドオーバー,,じめん
631,,special,ダミーデータ,ライジングランドオーバー,,じめん
632,,physical,Ｚパワーで　大きな　岩山を　呼びだし
全力で　相手に　ぶつける。
元になった　技で　威力が　変わる。,ワールズエンドフォール,,いわ
633,,special,ダミーデータ,ワールズエンドフォール,,いわ
634,,physical,Ｚパワーで　吐きだした　糸が
全力で　相手を　縛りつける。
元になった　技で　威力が　変わる。,ぜったいほしょくかいてんざん,,むし
635,,special,ダミーデータ,ぜったいほしょくかいてんざん,,むし
636,,physical,Ｚパワーで　呼びよせた　強い　怨念が
全力で　相手に　降りかかる。
元になった　技で　威力が　変わる。,むげんあんやへのいざない,,ゴースト
637,,special,ダミーデータ,むげんあんやへのいざない,,ゴースト
638,,physical,Ｚパワーで　高速回転を　おこない
全力で　相手に　ぶつかる。
元になった　技で　威力が　変わる。,ちょうぜつらせんれんげき,,はがね
639,,special,ダミーデータ,ちょうぜつらせんれんげき,,はがね
640,,physical,Ｚパワーで　燃えさかる　炎を　吐きだし
全力で　相手に　ぶつける。
元になった　技で　威力が　変わる。,ダイナミックフルフレイム,,ほのお
641,,special,ダミーデータ,ダイナミックフルフレイム,,ほのお
642,,physical,Ｚパワーで　大きな　渦潮を　作り
全力で　相手を　飲みこむ。
元になった　技で　威力が　変わる。,スーパーアクアトルネード,,みず
643,,special,ダミーデータ,スーパーアクアトルネード,,みず
644,,physical,Ｚパワーで　草花の　エネルギーを　借り
全力で　相手を　攻撃する。
元になった　技で　威力が　変わる。,ブルームシャインエクストラ,,くさ
645,,special,ダミーデータ,ブルームシャインエクストラ,,くさ
646,,physical,Ｚパワーで　溜めた　強い　電気を
全力で　相手に　ぶつける。
元になった　技で　威力が　変わる。,スパーキングギガボルト,,でんき
647,,special,ダミーデータ,スパーキングギガボルト,,でんき
648,,physical,Ｚパワーで　相手を　操り
全力で　痛い　思いを　させる。
元になった　技で　威力が　変わる。,マキシマムサイブレイカー,,エスパー
649,,special,ダミーデータ,マキシマムサイブレイカー,,エスパー
650,,physical,Ｚパワーで　気温を　急激に　下げ
全力で　相手を　凍らせる。
元になった　技で　威力が　変わる。,レイジングジオフリーズ,,こおり
651,,special,ダミーデータ,レイジングジオフリーズ,,こおり
652,,physical,Ｚパワーで　オーラを　実体化し
全力で　相手に　襲いかかる。
元になった　技で　威力が　変わる。,アルティメットドラゴンバーン,,ドラゴン
653,,special,ダミーデータ,アルティメットドラゴンバーン,,ドラゴン
654,,physical,Ｚパワーで　悪の　エネルギーを　集め
全力で　相手を　吸いよせる。
元になった　技で　威力が　変わる。,ブラックホールイクリプス,,あく
655,,special,ダミーデータ,ブラックホールイクリプス,,あく
656,,physical,Ｚパワーで　魅惑の　空間を　作り
全力で　相手を　もてあそぶ。
元になった　技で　威力が　変わる。,ラブリースターインパクト,,フェアリー
657,,special,ダミーデータ,ラブリースターインパクト,,フェアリー
658,,physical,Ｚパワーで　最大　電力を
身に　まとったピカチュウが
全力で　相手に　飛び掛る。,ひっさつのピカチュート,210,でんき
659,,status,最大ＨＰの　半分
自分の　ＨＰを　回復する。
すなあらしの時は　多く　回復。,すなあつめ,,じめん
660,100,physical,威力が　高い　技　だが
戦闘に　出たら
すぐに　出さないと　成功　しない。,であいがしら,90,むし
661,,status,相手の　攻撃を　防ぐと
同時に　触れた　相手に
毒を　与えてしまう。,トーチカ,,どく
662,100,physical,攻撃と　同時に
相手の　影を　縫い付けて
逃げられなくする。,かげぬい,80,ゴースト
663,100,physical,両腕を　回し　相手に　当てる。
相手の　能力変化に
関係なく　ダメージを　与える。,ＤＤラリアット,85,あく
664,100,special,歌うことによって　たくさんの
バルーンを　放出する。
技を　受けると　やけどが　治る。,うたかたのアリア,90,みず
665,90,physical,強くて　重い　こぶしを
ふるって　ダメージを　与える。
自分の　素早さが　さがる。,アイスハンマー,100,こおり
666,,status,最大ＨＰの　半分
相手の　ＨＰを　回復する。
グラスフィールドの時　効果が　あがる。,フラワーヒール,,フェアリー
667,95,physical,全身を　使って
相手に　猛アタックする。,１０まんばりき,95,じめん
668,100,status,相手の　攻撃力と　同じだけ
自分の　ＨＰを　回復する。
そして　相手の　攻撃を　さげる。,ちからをすいとる,,くさ
669,100,physical,１ターン目に　光を　いっぱいに　集め
２ターン目に　その　力を
剣に　込めて　攻撃する。,ソーラーブレード,125,くさ
670,100,physical,はっぱを　相手に　当てて
攻撃する。,このは,40,くさ
671,,status,ポケモンに　スポットライトを　当て
そのターンに　そのポケモンしか
狙えない　ようにする。,スポットライト,,ノーマル
672,100,status,毒の　混じった　糸を　吹き付ける。
相手を　毒にして
素早さを　さげる。,どくのいと,,どく
673,,status,精神を　集中して
次の　攻撃を　必ず
急所に　当てる。,とぎすます,,ノーマル
674,,status,ギアを　入れる　ことによって
特性　プラスと　マイナスの
攻撃と　特攻が　あがる。,アシストギア,,はがね
675,100,physical,この　技を　受けた　相手は
地獄の　苦しみから　２ターンの間
音の　技を　出すことが　できなくなる。,じごくづき,80,あく
676,100,special,敵には　爆発する　だんごを
使って　攻撃。　味方には
回復する　だんごを　与える。,かふんだんご,90,むし
677,100,physical,アンカーを　相手に　からませて
攻撃する。　相手は
逃げることが　できなくなる。,アンカーショット,80,はがね
678,,status,５ターンの間　地面にいると
先制技を　受けない。
エスパータイプの　威力が　あがる。,サイコフィールド,,エスパー
679,100,physical,全力で　相手に
飛びかかって　攻撃。
相手の　攻撃を　さげる。,とびかかる,80,むし
680,100,physical,焼けたムチで　相手を　打ちつける。
攻撃を　受けた　相手は
防御が　さがる。,ほのおのムチ,80,ほのお
681,100,physical,自分の　強さを　鼻高々に
攻撃する。自分の　能力が
あがって　いるほど　威力が　あがる。,つけあがる,20,あく
682,100,special,全身の　ほのおを　すべて
燃やして　大ダメージを　与える。
自分の　ほのおタイプが　なくなる。,もえつきる,130,ほのお
683,,status,相手の　素早さと
自分の　素早さを
入れ替えてしまう。,スピードスワップ,,エスパー
684,,physical,とがった　つので　相手を
突き刺して　攻撃する。
攻撃は　必ず　命中する。,スマートホーン,70,はがね
685,,status,相手の　状態異常を　治す。
治すと　自分は　ＨＰを
回復　することが　できる。,じょうか,,どく
686,100,special,全力で　踊って　攻撃する。
この　技の　タイプは
自分の　タイプと　同じになる。,めざめるダンス,90,ノーマル
687,100,special,ダメージを　与えた　相手が
すでに　行動を　終えていたら
相手の　特性を　消してしまう。,コアパニッシャー,100,ドラゴン
688,100,physical,南国　由来の　熱い
キックを　相手に　浴びせる。
相手の　攻撃を　さげる。,トロピカルキック,70,くさ
689,,status,相手が　出した　技を
指示して　もう一度
出させることが　できる。,さいはい,,エスパー
690,100,physical,最初に　クチバシを　加熱してから
攻撃を　くりだす。
加熱中に　さわると　やけどする。,くちばしキャノン,100,ひこう
691,100,special,全身の　うろこを　こすり
大きな　音を　出して　攻撃する。
攻撃後　自分の　防御が　さがる。,スケイルノイズ,110,ドラゴン
692,100,physical,体を　ハンマーのように
使って　相手に　襲いかかり
ダメージを　与える。,ドラゴンハンマー,90,ドラゴン
693,100,physical,自分の　体を
ぶんまわして　相手に
ダメージを　与える。,ぶんまわす,60,あく
694,,status,５ターンの　間　物理と
特殊の　ダメージを　弱める。
あられの　時しか　出すことが　できない。,オーロラベール,,こおり
695,,physical,Ｚパワーで　無数の　矢を　作りだした
ジュナイパーが　全力で
相手を　射抜く　攻撃。,シャドーアローズストライク,180,ゴースト
696,,physical,Ｚパワーで　タフな　肉体を　得た
ガオガエンが　全力で
相手に　ぶつかって　攻撃する。,ハイパーダーククラッシャー,180,あく
697,,special,Ｚパワーで　大量の　水を　呼んだ
アシレーヌが　全力で
相手を　攻撃する。,わだつみのシンフォニア,195,みず
698,,special,Ｚパワーで　アローラの　力を　得た
とちがみポケモン　全力の　攻撃。
相手の　残りＨＰを　たくさん　減らす。,ガーディアン・デ・アローラ,,フェアリー
699,,physical,Ｚパワーを　得た　マーシャドーが
パンチと　キックの　連続技を
全力で　相手に　叩き込む。,しちせいだっこんたい,195,ゴースト
700,,special,Ｚパワーを　得た　アローラ地方の
ライチュウが　全力で　攻撃する。
相手を　まひ　状態に　する。,ライトニングサーフライド,175,でんき
701,,physical,Ｚパワーで　本気を　出した　カビゴンが
巨体を　躍動させて
全力で　相手に　襲いかかる。,ほんきをだす　こうげき,210,ノーマル
702,,status,Ｚパワーを　得た　イーブイが
進化した　仲間たちの　力を　借りて
能力を　ぐーんと　上げる。,ナインエボルブースト,,ノーマル
703,,special,Ｚパワーを　得た　ミュウが
全力で　相手を　攻撃する。
足元が　サイコフィールドになる。,オリジンズスーパーノヴァ,185,エスパー
704,100,special,こうらの　トラップを　しかける。
相手が　物理技を　出すと
爆発して　ダメージを　与える。,トラップシェル,150,ほのお
705,90,special,強力な　ビームを　放ったあと
自分の　特攻が　がくっと　さがる。,フルールカノン,130,フェアリー
706,100,physical,サイコパワーで　かみついて
相手を　攻撃する。　ひかりのかべや
リフレクター　なども　破壊できる。,サイコファング,85,エスパー
707,100,physical,悔しさを　バネにして　攻撃する。
前の　ターンに　技を　外していると
威力が　倍に　なる。,じだんだ,75,じめん
708,100,physical,魂の　宿った　ホネで
相手を　なぐりつけて　攻撃する。
相手の　防御を　さげる　ことがある。,シャドーボーン,85,ゴースト
709,100,physical,素早い　スピードで
相手に　ぶつかって　攻撃する。
必ず　先制攻撃　できる。,アクセルロック,40,いわ
710,100,physical,水の　力で　相手に
ぶつかって　攻撃する。
相手の　防御を　さげる　ことがある。,アクアブレイク,85,みず
711,100,special,プリズムの　力で　強力な
光線を　発射する。
次の　ターンは　動けなくなる。,プリズムレーザー,160,エスパー
712,100,physical,相手の　影に　潜り込み
相手の　能力アップを
奪って　攻撃する。,シャドースチール,90,ゴースト
713,100,physical,流星の　ような　勢いで
突進する。　相手の　特性を
無視して　攻撃　することが　できる。,メテオドライブ,100,はがね
714,100,special,怪しい　光線を　放って
攻撃する。相手の　特性を
無視して　攻撃　することが　できる。,シャドーレイ,100,ゴースト
715,,status,なみだめに　なって
相手の　戦力を　喪失させる。
相手の　攻撃と　特攻が　さがる。,なみだめ,,ノーマル
716,100,physical,相手に　ぶつかって　強力な
電気を浴びせ　びりびりちくちく　させる。
相手を　ひるませる　ことが　ある。,びりびりちくちく,80,でんき
717,90,special,自然の　怒りを　相手に　ぶつける。
相手の　ＨＰは　半分に　なる。,しぜんのいかり,,フェアリー
718,100,physical,高い　エネルギーを　まといつつ
相手に　ぶつかって　攻撃する。
メモリに　より　タイプが　変わる。,マルチアタック,120,ノーマル
719,,special,帽子を　かぶった　ピカチュウが
Ｚパワーで　パワーアップした　電撃を
放つ。　急所に　当たりやすい。,１０００まんボルト,195,でんき
720,100,special,自分の　頭を　爆発　させて
周りの　すべてを　攻撃する。
自分も　ダメージを　受けてしまう。,ビックリヘッド,150,ほのお
721,100,physical,電気を　まとった　こぶしで
攻撃。　ノーマルタイプの　技を
でんきタイプに　してしまう。,プラズマフィスト,100,でんき
722,100,special,光の　柱で　攻撃する。
攻撃と　特攻を　比べて
高いほうで　ダメージを　与える。,フォトンゲイザー,100,エスパー
723,,special,ネクロズマが　相手の　特性の
効果を　無視して　攻撃と　特攻の
高いほうで　ダメージを　与える。,てんこがすめつぼうのひかり,200,エスパー
724,,physical,Ｚパワーを　得た　ソルガレオが
全力で　攻撃する。　相手の
特性の　効果を　無視できる。,サンシャインスマッシャー,200,はがね
725,,special,Ｚパワーを　得た　ルナアーラが
全力で　攻撃する。　相手の
特性の　効果を　無視できる。,ムーンライトブラスター,200,ゴースト
726,,physical,Ｚパワーを　得た　ミミッキュが
全力で　ぽかぽか　攻撃。,ぽかぼかフレンドタイム,190,フェアリー
727,,physical,Ｚパワーを　得た　ルガルガンが
全力で　攻撃する。　追加で
フィールド状態を　打ち消す。,ラジアルエッジストーム,190,いわ
728,,special,Ｚパワーを　得た　ジャラランガが
全力で　相手を　攻撃する。
追加で　自分の　能力が　上がる。,ブレイジングソウルビート,185,ドラゴン
729,100,physical,猛スピードの　電撃　アタック。
必ず　先制攻撃　できて
急所に　あたる。,ばちばちアクセル,80,でんき
730,100,special,大きな　波に　電気を　あびせ
相手に　ぶつけて　攻撃する。
まひ状態に　することが　ある。,ざぶざぶサーフ,90,みず
731,95,physical,ふんわりと　浮かび　あがり
一気に　急降下して　攻撃。
相手を　ひるませることが　ある。,ふわふわフォール,90,ひこう
732,,special,ピカチュウの　トレーナーへの　大好きな
気持ちが　強いほど　威力が
あがる　電撃。　必ず　命中する。,ピカピカサンダー,,でんき
733,100,special,水のかたまりを　ぶつけて　攻撃。
水を　吸いとり　ダメージの
半分の　HPを　回復する。,いきいきバブル,60,みず
734,100,special,電気を　飛ばし　相手に
あびせて　攻撃する。　
相手を　まひ状態に　する。,びりびりエレキ,60,でんき
735,100,physical,炎を　まとった　体で
勢いよく　相手に　ぶつかる。
相手を　やけど状態に　する。,めらめらバーン,60,ほのお
736,95,special,念力を　これでもかと　あびせる。
相手の　特殊攻撃を　弱める
不思議な　かべを　つくりだす。,どばどばオーラ,80,エスパー
737,95,special,わるさを　アピールして　攻撃。
相手の　物理攻撃を　弱める
不思議な　かべを　つくりだす。,わるわるゾーン,80,あく
738,90,physical,巨大な　ツルを　生やし　タネを
撒きちらかして　攻撃する。　タネは
毎ターン　相手の　HPを　吸いとる。,すくすくボンバー,100,くさ
739,90,special,冷たく　凍った　くろいきりの
結晶で　攻撃。　全員の
能力変化を　もとに　もどす。,こちこちフロスト,100,こおり
740,85,special,むせかえる　ような　香りの　竜巻で
相手を　つつんで　攻撃。　味方の
状態異常を　回復する。,きらきらストーム,120,フェアリー
741,,physical,イーブイの　トレーナーへの　大好きな
気持ちが　強いほど　威力が　あがる
体当たり。　必ず　命中する。,ブイブイブレイク,,ノーマル
742,100,physical,胸の　ナットを　軸に　回転して
２回　続けて　うでを　たたきつける。
相手を　ひるませる　ことが　ある。,ダブルパンツァー,60,はがね
743,,status,相手の　攻撃を
まったく　受けない。
連続で　だすと　失敗しやすい。,ダイウォール,,ノーマル
744,100,special,コアから　ビームを　放って　攻撃。
相手が　ダイマックス　していると
ダメージは　２倍に　なる。,ダイマックスほう,100,ドラゴン
745,100,special,相手の　技を　引き受ける
特性や　技の　影響を　無視して
選んだ　相手を　攻撃　できる。,ねらいうち,80,みず
746,100,physical,お互い　ひんしに　なるまで
交代が　できなくなる。　どちらかの
ポケモンが　いなくなると　効果は消える。,くらいつく,80,あく
747,,status,持っている　きのみを　食べて
防御を　ぐーんと　あげる。,ほおばる,,ノーマル
748,,status,自分の　すべての
能力が　上がるが　交代　したり
逃げることが　できなくなる。,はいすいのじん,,かくとう
749,100,status,ねばねばの　タールを　浴びせて
相手の　素早さを　下げる。
相手は　ほのおが　弱点に　なる。,タールショット,,いわ
750,100,status,まほうのこなを　浴びせて
相手を　エスパータイプに　変化させる。,まほうのこな,,エスパー
751,100,physical,ドラメシヤで　２回　攻撃。
相手が　２匹　いるときは
それぞれに　１回ずつ　攻撃する。,ドラゴンアロー,50,ドラゴン
752,,status,おちゃかいを　ひらいて
場にいる　ポケモンが　それぞれ
持っている　きのみを　食べる。,おちゃかい,,ノーマル
753,100,status,相手を　逃げられなくする。
かためられた　相手は　毎ターン
防御と　特防が　下がる。,たこがため,,かくとう
754,100,physical,電気を　まとった　くちばしで　刺す。
相手より　先に　攻撃できると
技の　威力は　２倍に　なる。,でんげきくちばし,85,でんき
755,100,physical,かたい　エラで　かみつく。
相手より　先に　攻撃できると
技の　威力は　２倍に　なる。,エラがみ,85,みず
756,100,status,不思議な　力で
お互いの　場の　効果を　入れ替える。,コートチェンジ,,ノーマル
757,,physical,ダイマックスした　ポケモンが
繰りだす　ほのおタイプの　攻撃。
５ターンの　間　日差しを　強くする。,ダイバーン,100,ほのお
758,,physical,ダイマックスした　ポケモンが
繰りだす　むしタイプの　攻撃。
相手の　特攻を　下げる。,ダイワーム,10,むし
759,,physical,ダイマックスした　ポケモンが
繰りだす　でんきタイプの　攻撃。
５ターンの　間　エレキフィールドにする。,ダイサンダー,10,でんき
760,,physical,ダイマックスした　ポケモンが
繰りだす　ノーマルタイプの　攻撃。
相手の　素早さを　下げる。,ダイアタック,10,ノーマル
761,,physical,ダイマックスした　ポケモンが
繰りだす　かくとうタイプの　攻撃。
味方の　攻撃を　上げる。,ダイナックル,10,かくとう
762,,physical,ダイマックスした　ポケモンが
繰りだす　ゴーストタイプの　攻撃。
相手の　防御を　下げる。,ダイホロウ,10,ゴースト
763,,physical,ダイマックスした　ポケモンが
繰りだす　こおりタイプの　攻撃。
５ターンの　間　あられを　降らす。,ダイアイス,10,こおり
764,,physical,ダイマックスした　ポケモンが
繰りだす　どくタイプの　攻撃。
味方の　特攻を　上げる。,ダイアシッド,10,どく
765,,physical,ダイマックスした　ポケモンが
繰りだす　みずタイプの　攻撃。
５ターンの　間　雨を　降らせる。,ダイストリーム,10,みず
766,,physical,ダイマックスした　ポケモンが
繰りだす　ひこうタイプの　攻撃。
味方の　素早さを　上げる。,ダイジェット,10,ひこう
767,,physical,ダイマックスした　ポケモンが
繰りだす　フェアリータイプの　攻撃。
５ターンの　間　ミストフィールドにする。,ダイフェアリー,10,フェアリー
768,,physical,ダイマックスした　ポケモンが
繰りだす　ドラゴンタイプの　攻撃。
相手の　攻撃を　下げる。,ダイドラグーン,10,ドラゴン
769,,physical,ダイマックスした　ポケモンが
繰りだす　エスパータイプの　攻撃。
５ターンの　間　サイコフィールドにする。,ダイサイコ,10,エスパー
770,,physical,ダイマックスした　ポケモンが
繰りだす　いわタイプの　攻撃。
５ターンの　間　砂あらしにする。,ダイロック,10,いわ
771,,physical,ダイマックスした　ポケモンが
繰りだす　じめんタイプの　攻撃。
味方の　特防を　上げる。,ダイアース,10,じめん
772,,physical,ダイマックスした　ポケモンが
繰りだす　あくタイプの　攻撃。
相手の　特防を　下げる。,ダイアーク,10,あく
773,,physical,ダイマックスした　ポケモンが
繰りだす　くさタイプの　攻撃。
５ターンの　間　グラスフィールドにする。,ダイソウゲン,10,くさ
774,,physical,ダイマックスした　ポケモンが
繰りだす　はがねタイプの　攻撃。
味方の　防御を　上げる。,ダイスチル,10,はがね
775,100,status,自分の　ＨＰを　少し　削って
すべての　能力を　上げる。,ソウルビート,,ドラゴン
776,100,physical,体を　ぶつけて　攻撃。
防御が　高いほど
与える　ダメージが　増える。,ボディプレス,80,かくとう
777,,status,かざりつけを　することで
相手の　攻撃と　特攻を
ぐーんと　上げる。,デコレーション,,フェアリー
778,100,physical,ドラムの　根っこを　ドラミングで
コントロールして　こうげき　することで
相手の　素早さを　下げる。,ドラムアタック,80,くさ
779,100,physical,トラバサミで　捕らえて
４－５ターンの　間
相手を　はさんで　攻撃する。,トラバサミ,35,くさ
780,90,physical,小石を　燃やした　炎の　ボールで
相手を　攻撃する。
やけど　状態に　することが　ある。,かえんボール,120,ほのお
781,100,physical,巨大な　剣となり　切りかかる。
相手が　ダイマックス　していると
ダメージは　２倍に　なる。,きょじゅうざん,100,はがね
782,100,physical,巨大な　盾となり　ぶつかる。
相手が　ダイマックス　していると
ダメージは　２倍に　なる。,きょじゅうだん,100,はがね
783,100,physical,ほほぶくろに　溜めた　エネルギーで
攻撃し　自分の　素早さを　あげる。
モルペコの　姿で　タイプが　変わる。,オーラぐるま,110,でんき
784,100,physical,きょうじんな　しっぽを　激しく
ふりはらって　相手を　攻撃する。
相手の　攻撃を　下げる。,ワイドブレイカー,60,ドラゴン
785,100,physical,するどく　とがった　枝で
相手を　突いて　攻撃する。,えだづき,40,くさ
786,100,special,ギターや　ベースを　かきならして
激しく　響く　大きな　振動を
相手に　与えて　攻撃する。,オーバードライブ,80,でんき
787,100,special,すっぱい　りんごから　つくりだした
酸性の　液体で　攻撃。
相手の　特防を　下げる。,りんごさん,80,くさ
788,100,physical,高いところから　りんごを　落として
ダメージを　与える。
相手の　防御を　下げる。,Ｇのちから,80,くさ
789,100,physical,食らうと　くじけるほどの
勢いで　攻撃。
相手の　特攻を　下げる。,ソウルクラッシュ,75,フェアリー
790,95,special,煙を　噴出して
相手を　攻撃。
混乱　させることが　ある。,ワンダースチーム,90,フェアリー
791,,status,不思議な　水を　ふりまいて
自分と　場にいる
味方の　ＨＰを　回復する。,いのちのしずく,,みず
792,100,status,相手の　攻撃を　まったく　受けない。
連続で　だすと　失敗しやすい。
触れると　防御が　がくっと　下がる。,ブロッキング,,あく
793,,physical,頭を　下げる　ふりを　しながら
振りみだした　髪の毛を　突き刺す。
攻撃は　必ず　命中する。,どげざつき,80,あく
794,100,physical,太い　クキを　ふりまわして　攻撃。
ただし　自分も　よろめいてしまうため
次の　ターンは　動けなくなる。,スターアサルト,150,かくとう
795,90,special,本来の　姿と　なった
ムゲンダイナ　最大の　攻撃。
次の　ターンは　動けなくなる。,ムゲンダイビーム,160,ドラゴン
796,95,special,全身から　集めた　はがねを
ビームとして　激しく　撃ちだす。
自分も　ダメージを　受けてしまう。,てっていこうせん,140,はがね
797,100,special,サイコパワーで　相手を　攻撃する。
サイコフィールドの時　威力が　あがり
すべての　相手に　ダメージを　与える。,ワイドフォース,80,エスパー
798,100,physical,フィールドを　破壊しながら　攻撃。
なんらかの　フィールド状態に
変わっていないと　技は　失敗する。,アイアンローラー,130,はがね
799,90,physical,ウロコを　撃ちだして　攻撃する。
２ー５回の　間　連続で　だす。
素早さが　あがるが　防御が　さがる。,スケイルショット,25,ドラゴン
800,90,special,１ターン目に　宇宙の　力を
集めることで　特攻が　あがり
２ターン目に　相手を　攻撃する。,メテオビーム,120,いわ
801,100,special,物理か　特殊か　より多く　ダメージを
与えられる　能力で　攻撃する。
毒状態に　することが　ある。,シェルアームズ,90,どく
802,100,special,自分の　周りに　いる　すべてを
攻撃するが　使うと　瀕死になる。
ミストフィールドで　威力が　あがる。,ミストバースト,100,フェアリー
803,100,physical,地面を　滑るように　相手を　攻撃。
グラスフィールドの時
必ず　先制攻撃　できる。,グラススライダー,55,くさ
804,100,special,地面から　立ちのぼる　電撃で　攻撃。
相手が　エレキフィールドに　いる時
技の　威力が　２倍に　なる。,ライジングボルト,70,でんき
805,100,special,フィールドの力を　借りて　攻撃。
使った時の　フィールドの状態に　よって
技の　タイプと　威力が　変わる。,だいちのはどう,50,ノーマル
806,90,physical,背後から　はいより　攻撃する。
相手の　特攻を　さげる。,はいよるいちげき,70,むし
807,100,special,しっとの　エネルギーで　相手を　攻撃。
そのターン　能力が　あがった　ポケモンを
やけどの　状態に　する。,しっとのほのお,70,ほのお
808,100,physical,相手への　いらだちを　ぶつけて　攻撃。
そのターンに　能力を　さげられていると
技の　威力が　２倍に　なる。,うっぷんばらし,75,あく
809,90,physical,相手の　持ち物を　あやつって　攻撃。
相手が　道具を　持っていない　場合は
失敗する。,ポルターガイスト,110,ゴースト
810,100,status,強い　酸性の　ガスで
周りに　いるものを　包みこみ
持っている　道具を　溶かしてしまう。,ふしょくガス,,どく
811,,status,的確な　指導を　おこなうことで　
味方　全員の
攻撃と　防御を　上げる。,コーチング,,かくとう
812,100,physical,攻撃した　あと
ものすごい　スピードで　戻ってきて
控えの　ポケモンと　入れ替わる。,クイックターン,60,みず
813,90,physical,３回連続で　キックを　くりだして
攻撃する。　技が　当たるたびに
威力は　あがる。,トリプルアクセル,20,こおり
814,90,physical,翼を　相手に　ぶつけて
攻撃する。　２回連続で
ダメージを　与える。,ダブルウイング,40,ひこう
815,100,special,熱く　焼けた　砂を
相手に　ぶつけて　攻撃する。
やけど状態に　することが　ある。,ねっさのだいち,70,じめん
816,,status,ジャングルと　一体化して
自分と　場にいる　味方の
ＨＰと　状態を　回復する。,ジャングルヒール,,くさ
817,100,physical,あくの型を　極めし
強烈な　一撃。
必ず　急所に　当たる。,あんこくきょうだ,75,あく
818,100,physical,みずの型を　極めし
流れるような　３回の　連撃。
必ず　急所に　当たる。,すいりゅうれんだ,25,みず
819,90,special,ほとばしる　電気の　おりの　中に
４ー５ターンの　間
相手を　閉じこめて　攻撃する。,サンダープリズン,80,でんき
820,100,special,生命力を　パワーに　変え　相手を
攻撃する。　自分の　ＨＰが　少ないほど
技の　威力は　さがる。,ドラゴンエナジー,150,ドラゴン
821,100,special,両目から　サイコパワーを
撃ちだして　攻撃する。
こおり状態に　することが　ある。,いてつくしせん,90,エスパー
822,100,special,怒りを　炎の　ような
オーラに　変えて　攻撃する。
相手を　ひるませることが　ある。,もえあがるいかり,90,あく
823,100,physical,雷の　ような　動きで
相手を　翻弄しながら　キックする。
相手の　防御を　さげる。,らいめいげり,90,かくとう
824,100,physical,吹雪を　まとった　氷の　槍を
相手に　投げつけて　攻撃する。,ブリザードランス,120,こおり
825,100,special,たくさんの　小さな　霊体を
相手に　ぶつけて　攻撃する。,アストラルビット,120,ゴースト
826,100,special,強力な　サイコパワーで　攻撃。
相手が　最後に　使った技の
ＰＰを　３だけ　減らす。,ぶきみなじゅもん,80,エスパー
827,100,physical,不明,フェイタルクロー,80,どく
828,90,physical,不明,バリアーラッシュ,70,エスパー
829,,status,不明,パワーシフト,0,ノーマル
830,90,physical,不明,がんせきアックス,65,いわ
831,80,special,不明,はるのあらし,100,フェアリー
832,90,special,不明,しんぴのちから,70,エスパー
833,100,physical,不明,だいふんげき,120,ほのお
834,100,physical,不明,ウェーブタックル,120,みず
835,95,special,不明,クロロブラスト,150,くさ
836,85,physical,不明,ひょうざんおろし,100,こおり
837,,status,不明,しょうりのまい,0,かくとう
838,100,physical,不明,ぶちかまし,120,じめん
839,100,physical,不明,どくばりセンボン,60,どく
840,100,special,不明,オーラウイング,80,エスパー
841,100,special,不明,うらみつらみ,75,ゴースト
842,,status,不明,たてこもる,0,はがね
843,100,physical,不明,３ぼんのや,90,かくとう
844,100,special,不明,ひゃっきやこう,60,ゴースト
845,90,physical,不明,ひけん・ちえなみ,65,あく
846,80,special,不明,こがらしあらし,100,ひこう
847,80,special,不明,かみなりあらし,100,でんき
848,80,special,不明,ねっさのあらし,100,じめん
849,,status,不明,みかづきのいのり,0,エスパー
850,,status,不明,ブレイブチャージ,0,エスパー
851,100,special,不明,テラバースト,80,ノーマル
852,,status,不明,スレッドトラップ,0,むし
853,90,physical,不明,かかとおとし,120,かくとう
854,100,physical,不明,おはかまいり,50,ゴースト
855,100,special,不明,ルミナコリジョン,80,エスパー
856,100,physical,不明,いっちょうあがり,80,ドラゴン
857,100,physical,不明,ジェットパンチ,60,みず
858,,status,不明,ハバネロエキス,0,くさ
859,100,physical,不明,ホイールスピン,100,はがね
860,90,physical,不明,ネズミざん,20,ノーマル
861,100,physical,不明,アイススピナー,80,こおり
862,100,physical,不明,きょけんとつげき,120,ドラゴン
863,,status,不明,さいきのいのり,0,ノーマル
864,100,physical,不明,しおづけ,40,いわ
865,95,physical,不明,トリプルダイブ,30,みず
866,100,physical,不明,キラースピン,30,どく
867,100,status,不明,うつしえ,0,ノーマル
868,,status,不明,みをけずる,0,ノーマル
869,,physical,不明,ドゲザン,85,あく
870,,physical,不明,トリックフラワー,70,くさ
871,100,special,不明,フレアソング,80,ほのお
872,100,physical,不明,アクアステップ,80,みず
873,100,physical,不明,レイジングブル,90,ノーマル
874,100,special,不明,ゴールドラッシュ,120,はがね
875,100,physical,不明,サイコブレイド ,80,エスパー
876,100,special,不明,ハイドロスチーム,80,みず
877,90,special,不明,カタストロフィ,1,あく
878,100,physical,不明,アクセルブレイク,100,かくとう
879,100,special,不明,イナズマドライブ,100,でんき
880,,status,不明,しっぽきり,0,ノーマル
881,,status,不明,さむいギャグ,0,こおり
882,,status,不明,おかたづけ,0,ノーマル
883,,status,不明,ゆきげしき,0,こおり
884,100,physical,不明,とびつく,50,むし
885,100,physical,不明,くさわけ,50,くさ
886,100,special,不明,ひやみず,50,みず
887,100,physical,不明,ハイパードリル,100,ノーマル
888,100,special,不明,ツインビーム,40,エスパー
889,100,physical,不明,ふんどのこぶし,50,ゴースト
890,100,special,不明,アーマーキャノン,120,ほのお
891,100,physical,不明,むねんのつるぎ,90,ほのお
892,100,physical,不明,でんこうそうげき,120,でんき
893,100,physical,不明,デカハンマー,160,はがね
894,100,physical,不明,ほうふく,1,あく
895,100,physical,不明,アクアカッター,70,みず
896,100,physical,不明,バーンアクセル,80,ほのお
897,100,physical,不明,ダークアクセル,80,あく
898,100,physical,不明,ポイズンアクセル,100,どく
899,100,physical,不明,ファイトアクセル,100,かくとう
900,100,physical,不明,マジカルアクセル,100,フェアリー
901,100,special,不明,ブラッドムーン,140,ノーマル
902,90,special,不明,シャカシャカほう,80,くさ
903,85,special,不明,みずあめボム,60,くさ
904,100,physical,不明,ツタこんぼう,100,くさ
905,100,special,不明,エレクトロビーム,130,でんき
906,100,special,不明,テラクラスター,120,ノーマル
907,100,special,不明,きまぐレーザー,80,ドラゴン
908,0,status,不明,かえんのまもり,0,ほのお
909,100,special,不明,じんらい,70,でんき
910,100,physical,不明,パワフルエッジ,95,いわ
911,0,special,不明,タキオンカッター,50,はがね
912,100,physical,不明,ハードプレス,0,はがね
913,0,status,不明,ドラゴンエール,0,ドラゴン
914,100,special,不明,みわくのボイス,80,フェアリー
915,100,physical,不明,やけっぱち,75,ほのお
916,95,physical,不明,サンダーダイブ,100,でんき
917,100,special,不明,サイコノイズ,75,エスパー
918,100,physical,不明,はやてがえし,65,かくとう
919,100,special,不明,じゃどくのくさり,100,どく
(919 rows)
